url,label
https://blog.khczhe.net/post/bgfwdy,0
https://shop.dskyjs.co.uk/products,0
https://ycgkbr.org/about,0
http://gtuxhr-alert.info/winner/claim?prize=ccjrpj,1
https://blog.ijuqpk.net/post/acphjf,0
https://blog.sohupo.net/post/rvnupf,0
http://zfkzxv-alert.info/winner/claim?prize=aayoww,1
https://usmwyr.org/about,0
https://blog.uysjrx.net/post/itsbrk,0
https://blog.wzqruv.net/post/ohjaqg,0
https://oqoxnn.org/about,0
https://www.xwjfok.com/,0
https://www.owwqjy.com/,0
https://blog.mxkwtr.net/post/pkxilo,0
https://www.escvmp.edu/courses,0
https://www.edjcap.com/,0
http://secure-hsoqmq-login.tk/update?id=ziiqrm,1
https://www.yrmchv.com/,0
https://www.iyftgy.com/,0
http://afsqtj-alert.info/winner/claim?prize=umglvf,1
https://shop.ptddzg.co.uk/products,0
http://ymvgtz.free-update.xyz/account/confirm,1
https://ktwzar.org/about,0
http://vtrmel-login.com/verify?user=zmqmum&token=snvwjw,1
http://www.reuirq.com.zmnlnu.ru/signin,1
https://www.alltmm.edu/courses,0
http://www.vfkglo.com.wfbkpx.ru/signin,1
http://emtqek-login.com/verify?user=eaokcg&token=zyfrcc,1
http://nkpbdi-alert.info/winner/claim?prize=xbptec,1
http://ehzhtw.free-update.xyz/account/confirm,1
https://blog.plxbig.net/post/ozhipq,0
http://rdport.free-update.xyz/account/confirm,1
http://ttqeeb-login.com/verify?user=dgcoit&token=tgcgyt,1
https://blog.eczwcn.net/post/fljonz,0
https://shop.nlgdrm.co.uk/products,0
http://olbvnj.free-update.xyz/account/confirm,1
http://qoclsg.free-update.xyz/account/confirm,1
https://blog.bosegr.net/post/oohxsq,0
https://blog.bthnwe.net/post/pcwwpo,0
https://blog.iikjuq.net/post/oakopn,0
http://uyqkpy-alert.info/winner/claim?prize=mdxwye,1
https://blog.duheka.net/post/mqsjph,0
http://www.jwbwnp.com.xeyjux.ru/signin,1
https://blog.ieqzff.net/post/zjjyve,0
http://xtxdeu-login.com/verify?user=dmczri&token=ftihur,1
https://meuzov.org/about,0
https://blog.gorfyh.net/post/trszeu,0
http://lbiatt.free-update.xyz/account/confirm,1
https://www.mopsii.com/,0
http://lvfzfl-alert.info/winner/claim?prize=vuhjjz,1
http://wksocp.free-update.xyz/account/confirm,1
http://secure-suypqx-login.tk/update?id=mehuyj,1
http://secure-atemtl-login.tk/update?id=uqdgmb,1
http://192.168.lxsxhs.irdtge/paypal/signin,1
http://192.168.qhpjth.ooylxg/paypal/signin,1
https://www.mehyup.edu/courses,0
http://kdixry.free-update.xyz/account/confirm,1
https://vtpdbm.org/about,0
https://shop.yqdgxu.co.uk/products,0
https://www.uxomxm.com/,0
https://dmrifm.org/about,0
https://blog.vqpdoo.net/post/hzbnwr,0
http://www.duloph.com.isgwjg.ru/signin,1
http://192.168.myovbp.iagygv/paypal/signin,1
https://shop.opftnn.co.uk/products,0
https://blog.pbrcip.net/post/ndxode,0
http://ddfqoi-alert.info/winner/claim?prize=tonqej,1
https://www.pvluij.edu/courses,0
http://secure-acxmlc-login.tk/update?id=qccedw,1
http://wcskgs-alert.info/winner/claim?prize=peeyiy,1
http://secure-vqprbg-login.tk/update?id=wbfjbl,1
https://www.obxvlj.com/,0
https://www.vhnnep.com/,0
https://www.agrmvs.com/,0
https://www.hazqba.com/,0
http://drcywt-login.com/verify?user=qxtvxn&token=nqjytz,1
https://blog.obxlss.net/post/jjsrvi,0
https://ytrtlf.org/about,0
http://192.168.bznuut.uvusuz/paypal/signin,1
https://shop.ewbdmd.co.uk/products,0
http://secure-soxkei-login.tk/update?id=lwzxld,1
http://hpxwcv.free-update.xyz/account/confirm,1
http://secure-qbnrut-login.tk/update?id=modkbx,1
http://192.168.mxrwes.ihpdjk/paypal/signin,1
http://www.ijjuue.com.foqiei.ru/signin,1
https://irifvt.org/about,0
https://www.rlulti.com/,0
https://www.lzfzdj.edu/courses,0
http://www.mkzbrk.com.cokyaa.ru/signin,1
http://secure-wnivpe-login.tk/update?id=qmauxf,1
http://www.coxhve.com.mglbjp.ru/signin,1
http://jcofay.free-update.xyz/account/confirm,1
http://tafbvh.free-update.xyz/account/confirm,1
http://secure-iszase-login.tk/update?id=cnbahi,1
http://iftwkz-login.com/verify?user=hgqbie&token=vqvpsp,1
http://secure-mumowq-login.tk/update?id=iiygdi,1
https://blog.motrok.net/post/mpnuum,0
http://192.168.xgtkjp.cdnyig/paypal/signin,1
https://www.iijczp.com/,0
https://xsnunt.org/about,0
http://secure-ngckst-login.tk/update?id=dynndq,1
https://lkckxi.org/about,0
http://www.jvbzwj.com.tocdgz.ru/signin,1
http://cvxlyf-alert.info/winner/claim?prize=naleps,1
http://ysjnzp-login.com/verify?user=micwnw&token=ubfkbb,1
https://shop.bkekhe.co.uk/products,0
https://www.fdurlh.com/,0
https://keyeyu.org/about,0
https://www.vxpfhh.com/,0
https://shop.ukgeze.co.uk/products,0
https://blog.jflpha.net/post/ablxsk,0
https://blog.hghxrh.net/post/utaolt,0
https://www.shhyeu.com/,0
http://192.168.dwtnny.cgiblf/paypal/signin,1
https://blog.tehqvn.net/post/lszdyv,0
https://www.eymikx.com/,0
http://uiligr.free-update.xyz/account/confirm,1
https://blog.zdlnlq.net/post/zbrodw,0
https://blog.ttajjc.net/post/domlrt,0
https://tvbevd.org/about,0
http://www.rjkvib.com.axmvjy.ru/signin,1
http://cbxnzi-login.com/verify?user=tlyyws&token=piixsa,1
http://www.domqgc.com.wouhjz.ru/signin,1
http://lnqoaj-login.com/verify?user=whxlfb&token=bwthhf,1
http://bkbhgg-login.com/verify?user=thdsub&token=axxrjp,1
https://www.aijnex.edu/courses,0
http://ucyrtz-alert.info/winner/claim?prize=njhwop,1
http://192.168.rgsvqn.klifux/paypal/signin,1
https://cxyjnn.org/about,0
https://www.bwscqf.edu/courses,0
http://ykamzh.free-update.xyz/account/confirm,1
http://nbugvf-alert.info/winner/claim?prize=gwdwaz,1
https://blog.gzmbrw.net/post/cmsdlk,0
https://www.wmgzro.com/,0
https://blog.rkquqt.net/post/fnnpdj,0
http://secure-epudnl-login.tk/update?id=qvtoqw,1
http://njieqt-login.com/verify?user=ezxhnb&token=pryvia,1
https://shop.cllcxf.co.uk/products,0
https://blog.hofcht.net/post/taidhu,0
https://tonbos.org/about,0
http://192.168.vkmtyd.dyewrq/paypal/signin,1
http://192.168.qiledb.dyuvqq/paypal/signin,1
http://rcjzth-alert.info/winner/claim?prize=tpqpzh,1
http://msyvry-login.com/verify?user=epizyo&token=hvqeao,1
http://secure-gvzptv-login.tk/update?id=mfhsyz,1
https://www.gfybcg.edu/courses,0
http://192.168.zfqdxh.aoemxq/paypal/signin,1
http://secure-yzmnfx-login.tk/update?id=gqdlqf,1
http://www.kagjsn.com.uugpsd.ru/signin,1
http://ktlfea.free-update.xyz/account/confirm,1
https://xpimap.org/about,0
https://shop.bmalqa.co.uk/products,0
http://www.yiafat.com.dfsixc.ru/signin,1
https://sizzqh.org/about,0
https://shop.dphwgp.co.uk/products,0
https://shop.iwwzak.co.uk/products,0
https://blog.zxtnpk.net/post/xrlnls,0
https://www.bycimq.com/,0
https://www.lxrayr.edu/courses,0
https://shop.hszkxw.co.uk/products,0
https://www.rdxvlg.com/,0
http://www.xrwyyv.com.ouprfi.ru/signin,1
https://blog.ruzsed.net/post/uruxqi,0
http://dsdoeq-login.com/verify?user=mkaulm&token=ojlddg,1
http://aypndk-alert.info/winner/claim?prize=qcvuwi,1
https://www.rmtfks.com/,0
http://undwit-alert.info/winner/claim?prize=rgqyxb,1
http://192.168.gvhvfg.ycdfrb/paypal/signin,1
http://phyagf-login.com/verify?user=ahtsfz&token=milnsa,1
http://zwlwqb.free-update.xyz/account/confirm,1
http://wlgpxn.free-update.xyz/account/confirm,1
http://192.168.uhbsoj.bulifr/paypal/signin,1
https://blog.drgdkf.net/post/vvlenp,0
http://xheyyk-login.com/verify?user=eohkph&token=loikeb,1
http://secure-zxgjdx-login.tk/update?id=fhiudk,1
https://www.iyizir.com/,0
http://secure-pjfhan-login.tk/update?id=ealxsh,1
https://cfjuvm.org/about,0
http://secure-crjtdl-login.tk/update?id=zribvg,1
http://auatal-login.com/verify?user=hthzqn&token=thysqk,1
https://www.wlgqhw.com/,0
https://www.ccauxn.edu/courses,0
http://mnmwtq-alert.info/winner/claim?prize=zbuoww,1
https://shop.kfhyok.co.uk/products,0
http://vqwwiw.free-update.xyz/account/confirm,1
https://www.abxsyy.com/,0
http://qxfmfe.free-update.xyz/account/confirm,1
https://www.mqdsju.com/,0
http://eliyrp-login.com/verify?user=mllijv&token=artepw,1
http://192.168.sqctaq.bhcnsc/paypal/signin,1
http://www.ftpqej.com.fsekcb.ru/signin,1
https://ideolh.org/about,0
https://www.oqzmcd.com/,0
http://thwbua-login.com/verify?user=nnvxzv&token=jhjavu,1
http://rtzxon-alert.info/winner/claim?prize=tllgdd,1
http://secure-mgatxe-login.tk/update?id=buecng,1
https://shop.qlvuuj.co.uk/products,0
http://www.xhtyyx.com.ycuiqu.ru/signin,1
http://jktcxz.free-update.xyz/account/confirm,1
http://jjisin-login.com/verify?user=rtauxq&token=jcycri,1
http://efsxfy-login.com/verify?user=ltehpk&token=wlkqgf,1
http://www.blskmw.com.vwwbes.ru/signin,1
https://shop.fbghzq.co.uk/products,0
https://shop.ymkdsh.co.uk/products,0
http://www.emetbq.com.hwsmlf.ru/signin,1
http://192.168.dwpscm.hfvtpy/paypal/signin,1
http://secure-yublvf-login.tk/update?id=franqf,1
https://www.fighbe.edu/courses,0
http://ztbrzs.free-update.xyz/account/confirm,1
http://www.soytxn.com.lbtyjm.ru/signin,1
http://tcxdyt-login.com/verify?user=oiqybe&token=scddan,1
http://fgwuim-alert.info/winner/claim?prize=atygpm,1
http://nkaimd-login.com/verify?user=paitma&token=wlgpdy,1
https://wmosjh.org/about,0
http://dwyxyq-login.com/verify?user=yuowva&token=axbjfv,1
https://shop.vfpxvo.co.uk/products,0
http://192.168.itgcck.iplluk/paypal/signin,1
http://xjqjcb.free-update.xyz/account/confirm,1
http://hegbgl.free-update.xyz/account/confirm,1
https://tomfoh.org/about,0
http://tgdmhh.free-update.xyz/account/confirm,1
https://blog.ysidak.net/post/fpgxrv,0
http://192.168.ovzfoo.mxbmiz/paypal/signin,1
http://www.xgnvpl.com.wimguq.ru/signin,1
https://shop.kzdrjy.co.uk/products,0
http://www.fqueeg.com.yspgkj.ru/signin,1
https://www.incdxi.com/,0
http://orqsqq.free-update.xyz/account/confirm,1
http://xbmkza.free-update.xyz/account/confirm,1
http://abyxjq.free-update.xyz/account/confirm,1
https://www.iwoaql.com/,0
http://djposa.free-update.xyz/account/confirm,1
http://secure-tmyxmf-login.tk/update?id=skhgkk,1
https://www.csnchk.com/,0
https://gztjoo.org/about,0
https://kdjpzi.org/about,0
http://mfagsu-alert.info/winner/claim?prize=zqncaq,1
https://shop.asoxpp.co.uk/products,0
https://qoaacr.org/about,0
http://www.edtpwz.com.qlcypg.ru/signin,1
http://ykjxvt-alert.info/winner/claim?prize=klaxmz,1
http://mvljht-alert.info/winner/claim?prize=euvlvb,1
https://blog.vkyoln.net/post/hvhnfw,0
http://murvdl-alert.info/winner/claim?prize=ntosvj,1
http://trdkgs-alert.info/winner/claim?prize=nucuza,1
https://sezmgd.org/about,0
http://htltfo-login.com/verify?user=vlxdvq&token=ksbwhs,1
http://192.168.exwesy.rymerp/paypal/signin,1
http://192.168.jjaomp.inqbcr/paypal/signin,1
http://192.168.dcirty.rcaazn/paypal/signin,1
http://twfgje-alert.info/winner/claim?prize=eaotqq,1
http://zfeejm-alert.info/winner/claim?prize=gtecxr,1
http://fxbllq-login.com/verify?user=rcyuuq&token=rwfxca,1
http://elafdd.free-update.xyz/account/confirm,1
http://192.168.lscwla.osmsnt/paypal/signin,1
https://blog.wqzxhx.net/post/uyaukd,0
http://192.168.xnrxwm.czjilo/paypal/signin,1
http://iqtpai.free-update.xyz/account/confirm,1
https://yhmfwv.org/about,0
http://www.mpgyyt.com.riwolt.ru/signin,1
http://zhkwpd.free-update.xyz/account/confirm,1
http://secure-cnhaxv-login.tk/update?id=zpnnik,1
https://mruiqf.org/about,0
https://www.ajqysw.com/,0
http://fzweaa-login.com/verify?user=utoovy&token=fylzks,1
http://zzazct.free-update.xyz/account/confirm,1
https://www.cqxadh.com/,0
http://naxtxs-login.com/verify?user=azafeb&token=pfkkib,1
http://secure-exqrnn-login.tk/update?id=oniqvm,1
https://www.yoxnya.com/,0
https://kjznro.org/about,0
http://www.qicbhl.com.flldsc.ru/signin,1
http://192.168.rovkhz.zsbaxn/paypal/signin,1
http://ofqzhd.free-update.xyz/account/confirm,1
https://vumjdf.org/about,0
https://blog.tepxxk.net/post/arxybm,0
http://xiexuf.free-update.xyz/account/confirm,1
https://shop.fvkaph.co.uk/products,0
http://tbyecq-alert.info/winner/claim?prize=vdwcsd,1
http://yzgpjb-login.com/verify?user=tkqvml&token=wdahvl,1
https://shop.utwhye.co.uk/products,0
https://blog.cooiqv.net/post/oaqctx,0
http://vvkoyd.free-update.xyz/account/confirm,1
https://ryhemt.org/about,0
http://192.168.ovkibp.sfxiso/paypal/signin,1
http://www.hfztfk.com.irhnzj.ru/signin,1
https://www.plyfrw.edu/courses,0
https://www.sapcjh.edu/courses,0
http://www.dtexyg.com.fxvful.ru/signin,1
http://secure-iqcznx-login.tk/update?id=lhgahm,1
https://shop.ufikuk.co.uk/products,0
https://kuilgs.org/about,0
http://gbqskx-alert.info/winner/claim?prize=inaykz,1
https://hqnacz.org/about,0
https://blog.vtvjho.net/post/zmstrt,0
https://shop.rukpky.co.uk/products,0
http://jttzwx-alert.info/winner/claim?prize=mbronl,1
https://shop.elwrlc.co.uk/products,0
https://sfafmb.org/about,0
http://spgwjz-login.com/verify?user=xrbkpw&token=tsevjw,1
https://shop.grlnll.co.uk/products,0
https://shop.xshtgy.co.uk/products,0
http://txrxuc-alert.info/winner/claim?prize=hzyuam,1
https://shop.xymjhw.co.uk/products,0
http://secure-fggojg-login.tk/update?id=emahzt,1
http://secure-zcosak-login.tk/update?id=hublaa,1
http://gkqyda-alert.info/winner/claim?prize=ecyoqr,1
https://www.enefyd.edu/courses,0
https://blog.gzyfqu.net/post/csfvyt,0
http://axomxe.free-update.xyz/account/confirm,1
http://tpsxrb.free-update.xyz/account/confirm,1
http://maqflt-alert.info/winner/claim?prize=sgvwbk,1
http://www.dbobrz.com.wwoybr.ru/signin,1
https://blog.eohbvz.net/post/xtdkra,0
http://kuyvdp-login.com/verify?user=bxjmcw&token=byvzyb,1
http://secure-xhntll-login.tk/update?id=krahvs,1
https://blog.qjptdv.net/post/mojcce,0
https://lyxyyv.org/about,0
http://www.afdptn.com.evrupn.ru/signin,1
http://www.ysdfnh.com.zjrknb.ru/signin,1
http://exntgy-login.com/verify?user=ebidsq&token=ckvths,1
https://www.mjrxwb.com/,0
https://blog.jaosgf.net/post/lhmspz,0
https://www.altvhl.com/,0
http://www.rmpokf.com.vjcjxm.ru/signin,1
http://ibmtub.free-update.xyz/account/confirm,1
http://ngtcxh-login.com/verify?user=ghteqb&token=chpckq,1
https://www.ptkrvb.com/,0
http://gsbkgw-login.com/verify?user=tiwrxk&token=yljneq,1
http://secure-sbfuat-login.tk/update?id=vskgeh,1
http://blevoz-login.com/verify?user=seeklf&token=nyzbdx,1
http://secure-nfrvia-login.tk/update?id=gapkcq,1
https://shop.kvrniz.co.uk/products,0
https://shop.oxfuep.co.uk/products,0
http://www.xjwtui.com.ziuxhe.ru/signin,1
http://kstpgm-alert.info/winner/claim?prize=ddemmr,1
https://www.oaxikf.edu/courses,0
https://shop.vwbjup.co.uk/products,0
https://blog.rghblq.net/post/vrtvpq,0
https://www.xsucvo.com/,0
http://192.168.lfdqrx.wdlqnh/paypal/signin,1
https://blog.kqmtmn.net/post/tiwrrm,0
https://www.hdsoll.edu/courses,0
https://www.mvezep.com/,0
http://clxsvp.free-update.xyz/account/confirm,1
https://shop.fkscyj.co.uk/products,0
https://ujktgx.org/about,0
https://shop.etwidr.co.uk/products,0
http://twpcks.free-update.xyz/account/confirm,1
http://qypkqx-login.com/verify?user=ngbmgw&token=crbaya,1
https://www.bnobch.com/,0
https://fvbzeq.org/about,0
http://rxauym.free-update.xyz/account/confirm,1
http://www.tqpqdr.com.hfgxjk.ru/signin,1
http://secure-sodoju-login.tk/update?id=ybehon,1
https://shop.gzrkmp.co.uk/products,0
http://xsvboe.free-update.xyz/account/confirm,1
http://secure-ezaxlv-login.tk/update?id=dbizwt,1
https://blog.mgatie.net/post/wfaugv,0
http://secure-vuxhcg-login.tk/update?id=plvfbh,1
https://rhgwhn.org/about,0
https://www.mlwzji.com/,0
http://www.gfehvz.com.blvunb.ru/signin,1
https://www.idkosp.edu/courses,0
http://tzjrdh-alert.info/winner/claim?prize=jatufs,1
https://hgjscw.org/about,0
https://www.riyvrz.edu/courses,0
http://secure-exjqbm-login.tk/update?id=taxpkj,1
http://dpptxu.free-update.xyz/account/confirm,1
http://192.168.miqanj.smsbbz/paypal/signin,1
http://umemin.free-update.xyz/account/confirm,1
http://192.168.nrjprw.gejzvr/paypal/signin,1
https://www.sgqtky.com/,0
http://secure-cfitug-login.tk/update?id=lfrysw,1
http://jdzyqt.free-update.xyz/account/confirm,1
https://shop.qtxorb.co.uk/products,0
http://hqvuls-alert.info/winner/claim?prize=kloihl,1
https://blog.ltplkj.net/post/lxijxu,0
http://rllukf-alert.info/winner/claim?prize=lujrgk,1
http://www.bkvhoo.com.stksiu.ru/signin,1
https://www.zydhsi.edu/courses,0
http://kxmpdh.free-update.xyz/account/confirm,1
http://192.168.egdaqf.tedxmx/paypal/signin,1
http://secure-pcfiie-login.tk/update?id=rfaktr,1
https://fxchza.org/about,0
http://ramigt.free-update.xyz/account/confirm,1
https://enhgiu.org/about,0
http://elsmpq.free-update.xyz/account/confirm,1
http://strmjm-login.com/verify?user=opucbe&token=ppyhqe,1
https://www.rituzr.com/,0
https://www.ycnbhi.com/,0
http://jqxmqc-alert.info/winner/claim?prize=xmpmcu,1
http://secure-cckjvs-login.tk/update?id=rhtdue,1
http://eptjus.free-update.xyz/account/confirm,1
http://www.zkrnsc.com.kyctch.ru/signin,1
https://www.znfrma.edu/courses,0
http://www.mrofxl.com.wpqmyk.ru/signin,1
https://blog.zscpol.net/post/tdipdd,0
http://www.aatfls.com.stnnqx.ru/signin,1
https://www.ctxtyw.com/,0
http://mdemwg.free-update.xyz/account/confirm,1
http://lwbjnf-alert.info/winner/claim?prize=nrupgj,1
https://www.mttnhb.edu/courses,0
http://jtdtia.free-update.xyz/account/confirm,1
http://www.qeepof.com.zkrmvf.ru/signin,1
https://www.qkftyn.com/,0
https://qhsiwi.org/about,0
http://hmegld-alert.info/winner/claim?prize=ufgtlw,1
https://blog.wmatpj.net/post/tsdhho,0
http://uxthhg-alert.info/winner/claim?prize=eyvvtz,1
http://eewoxj-login.com/verify?user=jomutk&token=ikoseh,1
http://gmrhfm.free-update.xyz/account/confirm,1
http://mvrekd.free-update.xyz/account/confirm,1
https://blog.oecfft.net/post/ndjgej,0
http://secure-cjiiqd-login.tk/update?id=jtwftn,1
https://roczyn.org/about,0
https://blog.rlbklu.net/post/csbfwo,0
https://blog.jalosz.net/post/muxruc,0
https://www.rdxbxl.edu/courses,0
https://shop.ivcmls.co.uk/products,0
http://192.168.ufashc.zwaimx/paypal/signin,1
http://oqojiy-alert.info/winner/claim?prize=uubuas,1
https://srisba.org/about,0
http://rkvhmc-login.com/verify?user=jrgqmu&token=gyotlj,1
https://gcbdop.org/about,0
https://blog.sbrsqe.net/post/wxvvkn,0
http://vtywef.free-update.xyz/account/confirm,1
https://www.qlvsjo.edu/courses,0
https://www.tsktcd.com/,0
http://mmlwco-alert.info/winner/claim?prize=vstwpp,1
http://rsmjbx-login.com/verify?user=hxwbqc&token=vvixgx,1
http://wbyjqm-alert.info/winner/claim?prize=qxsmlb,1
https://www.uswgrj.edu/courses,0
http://192.168.bzalgr.gnehvb/paypal/signin,1
http://www.efffrx.com.lgyuno.ru/signin,1
http://dbrpuw-alert.info/winner/claim?prize=dtvunu,1
https://www.qbfcjk.com/,0
http://www.jbolnf.com.wwnjph.ru/signin,1
https://shop.sfjjfu.co.uk/products,0
http://hlectg-login.com/verify?user=keiywi&token=ysazis,1
http://www.mvzwqw.com.nekwjc.ru/signin,1
https://shop.tobgng.co.uk/products,0
https://www.xwmtwu.com/,0
http://hfoxvq.free-update.xyz/account/confirm,1
https://nglily.org/about,0
https://shop.yxoyqk.co.uk/products,0
http://www.tzaljn.com.oviehh.ru/signin,1
https://shop.olrcvk.co.uk/products,0
https://www.hajaoy.edu/courses,0
https://www.ekazsx.com/,0
https://blog.wnktoj.net/post/ylkvun,0
http://qbjkbb-login.com/verify?user=zeffwz&token=iupeti,1
https://pkwfrt.org/about,0
https://www.kyqpnz.edu/courses,0
http://secure-klgosj-login.tk/update?id=yxqxbo,1
https://blog.cfvhzo.net/post/kyshnd,0
https://www.xiapun.edu/courses,0
https://www.exgodo.com/,0
https://blog.cffexa.net/post/xdlktc,0
http://192.168.jxllvx.edhrnj/paypal/signin,1
http://192.168.dmbwnf.sqdzpq/paypal/signin,1
http://www.yferqb.com.dounov.ru/signin,1
http://iibfhe-alert.info/winner/claim?prize=bguniy,1
http://sglall-login.com/verify?user=rtvolz&token=orttpw,1
https://www.cufoyl.edu/courses,0
https://www.wuexqe.edu/courses,0
https://www.rkndbf.edu/courses,0
http://secure-nuabed-login.tk/update?id=eficor,1
https://dfzone.org/about,0
https://jyiaog.org/about,0
https://blog.bedbkc.net/post/nhrcws,0
https://shop.reqdvg.co.uk/products,0
http://192.168.ggdrup.gisenw/paypal/signin,1
https://shop.slahao.co.uk/products,0
https://shop.hdaetj.co.uk/products,0
http://iohpck.free-update.xyz/account/confirm,1
https://www.twiqrt.com/,0
https://www.bbeoup.com/,0
https://iafysd.org/about,0
https://www.atzwky.edu/courses,0
http://abmypz-alert.info/winner/claim?prize=oberuo,1
http://www.nwpnfi.com.dfphrn.ru/signin,1
https://shop.auvhvu.co.uk/products,0
https://blog.tjyzei.net/post/inhxie,0
http://iznvbv-alert.info/winner/claim?prize=ufweyq,1
https://hgfbty.org/about,0
https://blog.wjfjlr.net/post/gfdcsp,0
http://uzjgeb-alert.info/winner/claim?prize=jkssmt,1
https://www.gthxhn.com/,0
http://hkpioc-alert.info/winner/claim?prize=erblxp,1
https://shop.dlfnje.co.uk/products,0
http://nhjdcr-alert.info/winner/claim?prize=vhwela,1
https://www.yiywdj.edu/courses,0
http://plxxdn-login.com/verify?user=wqmavg&token=rxornw,1
http://jcsaoh-login.com/verify?user=zjvidr&token=yqcczb,1
https://blog.qddodw.net/post/sqcuwc,0
http://nghqaw-alert.info/winner/claim?prize=hrrafp,1
http://secure-tgssvz-login.tk/update?id=xkibjh,1
http://www.fnkxoa.com.jgpfbw.ru/signin,1
http://192.168.akwelm.mbyora/paypal/signin,1
https://blog.jrtmkq.net/post/ihqouc,0
http://192.168.hzmitt.nqsyez/paypal/signin,1
https://blog.cjwphy.net/post/tphrmf,0
https://www.fsawyr.edu/courses,0
https://www.eglfwa.edu/courses,0
http://wfaqmz-login.com/verify?user=pwekfh&token=djlkcq,1
https://blog.zohxjm.net/post/cpcnso,0
https://aqcaut.org/about,0
https://shop.hdrvfe.co.uk/products,0
http://secure-lqsaoa-login.tk/update?id=rdrujc,1
https://www.gryozr.com/,0
https://www.tofdxp.com/,0
https://kqdnxz.org/about,0
http://secure-hfszdm-login.tk/update?id=xwwnqf,1
https://www.stcksl.com/,0
http://loxktp-alert.info/winner/claim?prize=hhswrl,1
http://uahozo.free-update.xyz/account/confirm,1
https://mkwhbb.org/about,0
https://shop.tahotf.co.uk/products,0
https://shop.ofrars.co.uk/products,0
https://www.uaujbg.edu/courses,0
http://www.hpopku.com.jubjuo.ru/signin,1
http://tnciet-alert.info/winner/claim?prize=ldantw,1
https://www.vbwqlr.edu/courses,0
http://esdbqc-alert.info/winner/claim?prize=gqorze,1
https://shop.oermdc.co.uk/products,0
https://blog.yekuhh.net/post/jbuocz,0
http://hqakpc-alert.info/winner/claim?prize=aiygea,1
http://www.qltslw.com.xdccsi.ru/signin,1
http://192.168.puaqri.baqcrr/paypal/signin,1
https://blog.prtgvw.net/post/fkggpd,0
https://shop.psolqr.co.uk/products,0
https://www.keylqf.edu/courses,0
https://www.pcftyf.com/,0
http://www.sfgomv.com.nnzpky.ru/signin,1
http://fhujcp.free-update.xyz/account/confirm,1
https://www.gemofi.com/,0
https://blog.uidxlf.net/post/ezukwm,0
http://192.168.etjmtz.kwidzh/paypal/signin,1
http://yxucwx.free-update.xyz/account/confirm,1
http://guhtam.free-update.xyz/account/confirm,1
https://www.hxuuvg.edu/courses,0
https://www.mlcyag.edu/courses,0
http://192.168.nhvqbi.wzptpt/paypal/signin,1
https://www.irfpxz.edu/courses,0
http://ourowh-alert.info/winner/claim?prize=zgyurk,1
http://bijfcy-login.com/verify?user=eyyjyk&token=rrkbfl,1
https://www.hqbkzd.edu/courses,0
https://hztwbn.org/about,0
https://shop.dwduxa.co.uk/products,0
http://jowpsz.free-update.xyz/account/confirm,1
https://shop.xpvrzb.co.uk/products,0
https://www.gcspjm.edu/courses,0
http://www.tvlleo.com.yemezl.ru/signin,1
http://ugfoan.free-update.xyz/account/confirm,1
http://www.qcxktk.com.akaeod.ru/signin,1
http://mndzlk-login.com/verify?user=wohznr&token=xhljgx,1
https://www.lrkhuc.com/,0
https://www.swbbeq.edu/courses,0
http://igdfmr-alert.info/winner/claim?prize=xiaexc,1
http://zrdqmy-login.com/verify?user=hoqjfg&token=fnmzim,1
https://uiwolv.org/about,0
http://oarrah.free-update.xyz/account/confirm,1
https://qrjtup.org/about,0
https://www.lnpkvz.com/,0
https://blog.tskpkd.net/post/htgobu,0
http://bwengi-alert.info/winner/claim?prize=qzxohj,1
http://192.168.ilfgcn.dnwcuo/paypal/signin,1
https://www.rsqgkc.com/,0
http://secure-gvqpue-login.tk/update?id=noonwu,1
http://secure-uuvkhl-login.tk/update?id=eohrgo,1
http://www.ufdojp.com.kefxrc.ru/signin,1
http://bvqxea-alert.info/winner/claim?prize=hrguuo,1
https://www.frtwts.com/,0
https://www.lnhyil.edu/courses,0
https://www.myhsuw.edu/courses,0
http://gqqrul-alert.info/winner/claim?prize=uxbdza,1
https://cudeoz.org/about,0
https://shop.idqydo.co.uk/products,0
http://iknikv-login.com/verify?user=amogpe&token=ejcacn,1
http://bohqqa-alert.info/winner/claim?prize=jjntil,1
http://iiyrxg-login.com/verify?user=erpmex&token=hdftun,1
https://www.pqmoez.edu/courses,0
https://www.syxuth.edu/courses,0
https://klsavf.org/about,0
http://ebjxsf.free-update.xyz/account/confirm,1
http://pluthc-alert.info/winner/claim?prize=ezpyec,1
http://zzqfsm-alert.info/winner/claim?prize=xpywzc,1
https://shop.bpevuc.co.uk/products,0
http://snelqv-login.com/verify?user=qpkggn&token=ycuxcm,1
https://blog.fnuhjo.net/post/ykldob,0
https://shop.ckmuix.co.uk/products,0
https://hoajms.org/about,0
https://www.owvsuc.edu/courses,0
http://ktgboj.free-update.xyz/account/confirm,1
http://fqcxzf-alert.info/winner/claim?prize=yfusds,1
https://www.sutodu.com/,0
https://ewxwoh.org/about,0
https://www.gtshnw.com/,0
http://www.lfajoj.com.fcjrrn.ru/signin,1
http://secure-divptd-login.tk/update?id=kqziyg,1
https://shop.rwlxpt.co.uk/products,0
http://192.168.lcjqgm.vddjsd/paypal/signin,1
https://shop.juhfqo.co.uk/products,0
http://192.168.ychfxp.jculub/paypal/signin,1
https://rfckyh.org/about,0
http://secure-gvmeus-login.tk/update?id=eaczxp,1
https://dlzpyn.org/about,0
http://192.168.edigfd.jyxulp/paypal/signin,1
https://blog.xpipby.net/post/ozmqte,0
https://shop.tnbmxs.co.uk/products,0
http://sxyppn.free-update.xyz/account/confirm,1
http://www.xaolpt.com.iebbzi.ru/signin,1
http://rbrikm-alert.info/winner/claim?prize=cjkxbc,1
http://ycachj-login.com/verify?user=wccmbg&token=mjpbci,1
https://www.zfrmws.edu/courses,0
https://hqidzd.org/about,0
http://ouoqxi.free-update.xyz/account/confirm,1
http://www.zbktpi.com.ihsmzf.ru/signin,1
https://www.uqwnyu.com/,0
https://www.vjvpxh.edu/courses,0
https://blog.egmeuj.net/post/yjpnnr,0
http://mihxfn-login.com/verify?user=bhnxem&token=gdimjk,1
http://www.apxjsh.com.hrewcm.ru/signin,1
http://www.gbbplh.com.msbufc.ru/signin,1
https://shop.mkycbh.co.uk/products,0
https://shop.skcrva.co.uk/products,0
http://uvxxnj.free-update.xyz/account/confirm,1
http://jbtfqc-login.com/verify?user=kxrelr&token=oaartz,1
https://blog.qxmylb.net/post/ldriot,0
https://tsyqqg.org/about,0
https://blog.krvzcj.net/post/czzdrg,0
https://shop.wbhokh.co.uk/products,0
http://mmjpqd-login.com/verify?user=sneort&token=qdpyxf,1
http://shspcu-login.com/verify?user=lrmupm&token=ckaimm,1
https://shop.wclfhd.co.uk/products,0
http://klvsls-login.com/verify?user=nabpnu&token=selbwt,1
https://www.nfnstf.edu/courses,0
https://blog.terrpz.net/post/lpreqj,0
https://zczjqu.org/about,0
https://blog.lqvmqm.net/post/adtsqh,0
https://www.dulhmi.com/,0
http://gcifnx.free-update.xyz/account/confirm,1
http://secure-fxapeh-login.tk/update?id=aqhfnl,1
http://www.cjghrn.com.tqulkn.ru/signin,1
https://shop.sobkwb.co.uk/products,0
http://daejtf.free-update.xyz/account/confirm,1
https://shop.qmzekt.co.uk/products,0
https://shop.xogucx.co.uk/products,0
https://shop.mmvqan.co.uk/products,0
http://fnszph-alert.info/winner/claim?prize=dcutvm,1
http://pvuhvk-alert.info/winner/claim?prize=pikfbc,1
http://192.168.qrbxxh.mmrqti/paypal/signin,1
http://qmgfvx.free-update.xyz/account/confirm,1
http://xxkakm-login.com/verify?user=oixjzx&token=rgghqq,1
https://kslfdk.org/about,0
http://192.168.rezpep.ulgqdj/paypal/signin,1
https://shop.qhtlhn.co.uk/products,0
https://blog.iwhlxd.net/post/qweglr,0
https://www.kkjoqa.com/,0
https://www.vyffsn.com/,0
https://www.usukfi.com/,0
https://shop.bvmxyk.co.uk/products,0
http://www.bdvbmb.com.gcvnex.ru/signin,1
https://www.geepgn.com/,0
http://192.168.eovlse.xhbdip/paypal/signin,1
https://www.joebbe.edu/courses,0
https://www.awyftg.com/,0
http://epfgqz-alert.info/winner/claim?prize=lwfjmy,1
http://tzreng-alert.info/winner/claim?prize=nollpr,1
https://www.lqobvv.edu/courses,0
https://shop.jxyzxn.co.uk/products,0
http://www.kptbzn.com.mkdtfb.ru/signin,1
https://shop.cyenwd.co.uk/products,0
http://kfgktx-login.com/verify?user=kdsxmr&token=jjauib,1
https://iucghc.org/about,0
https://blog.ndzgxc.net/post/qoojxw,0
http://wafibf.free-update.xyz/account/confirm,1
http://secure-cyizur-login.tk/update?id=bvvyke,1
http://secure-bzeffg-login.tk/update?id=chkesu,1
https://blog.ggakiz.net/post/afodhs,0
http://imcgap-login.com/verify?user=pgebdd&token=jkrzgp,1
http://qmlamj.free-update.xyz/account/confirm,1
https://blog.qkvjog.net/post/rrjotz,0
https://shop.emnjco.co.uk/products,0
http://rpindu-alert.info/winner/claim?prize=eaibqr,1
https://blog.elkqqj.net/post/lwjhyu,0
http://www.lbwgus.com.lvtjxi.ru/signin,1
https://www.kwygti.com/,0
https://shop.nxnnkq.co.uk/products,0
http://plqtdz.free-update.xyz/account/confirm,1
http://yyzyyz-alert.info/winner/claim?prize=cuxyjy,1
http://192.168.showlv.vwpele/paypal/signin,1
https://www.qihnee.com/,0
https://www.ykiwjn.com/,0
https://www.cwriuh.com/,0
http://www.ndaqih.com.bgarmc.ru/signin,1
https://shop.fzjkfm.co.uk/products,0
http://vunawq.free-update.xyz/account/confirm,1
https://idobhb.org/about,0
https://blog.yklmcr.net/post/xsknsw,0
http://192.168.yjnwnt.zdsyya/paypal/signin,1
https://blog.cxjlzh.net/post/xlxeps,0
https://blog.evrfbd.net/post/xprxju,0
https://blog.zntqdh.net/post/znsdox,0
http://192.168.azhrpb.oqjtsu/paypal/signin,1
http://jnlkok-login.com/verify?user=onjkvx&token=dspgyw,1
http://192.168.zpfrzb.ycjexk/paypal/signin,1
https://shop.eliqfj.co.uk/products,0
https://www.osoqgj.edu/courses,0
http://dewbwo-login.com/verify?user=gkbfmm&token=bjbsct,1
http://www.muhfhp.com.uvpzil.ru/signin,1
https://www.cxyfqo.edu/courses,0
http://tqttce.free-update.xyz/account/confirm,1
http://iggkpf.free-update.xyz/account/confirm,1
https://jlvxyy.org/about,0
http://kpzrch.free-update.xyz/account/confirm,1
http://192.168.ybicoz.suhump/paypal/signin,1
http://yjczla-login.com/verify?user=pxywtg&token=csebvc,1
https://xckdrn.org/about,0
http://fecvtl.free-update.xyz/account/confirm,1
http://www.wdcpzx.com.hdtgma.ru/signin,1
https://kveels.org/about,0
http://iaxuys-alert.info/winner/claim?prize=rmljcc,1
http://secure-scocxc-login.tk/update?id=mvenox,1
https://www.gvwvxc.edu/courses,0
https://blog.exacel.net/post/rsfmhd,0
http://skurox-alert.info/winner/claim?prize=yprdur,1
https://www.cqwapj.edu/courses,0
http://192.168.wkwpkt.zyctlp/paypal/signin,1
http://bjfvas.free-update.xyz/account/confirm,1
http://192.168.vodvjv.ommzju/paypal/signin,1
http://wtlvtj-login.com/verify?user=jwleus&token=snvowa,1
http://vootcm.free-update.xyz/account/confirm,1
https://xsoujl.org/about,0
http://fbcrcg-login.com/verify?user=uxxbfr&token=mptopd,1
http://hxmlod-login.com/verify?user=ebandz&token=hoxuud,1
http://kdcxlf-alert.info/winner/claim?prize=qdrxge,1
http://kwwyux-login.com/verify?user=hxfpnf&token=jjdilj,1
https://www.djbqnn.com/,0
https://blog.gtrxxb.net/post/bdvcvu,0
https://blog.nyoxcv.net/post/hsefzq,0
https://lqltwc.org/about,0
http://jxxggc-alert.info/winner/claim?prize=ukomwv,1
https://rizpph.org/about,0
http://secure-bdxitn-login.tk/update?id=lumxfs,1
http://chbahn-login.com/verify?user=aacesm&token=gjnhbx,1
http://gtvske.free-update.xyz/account/confirm,1
https://www.wflhpp.com/,0
http://krlpos-login.com/verify?user=bhchad&token=dhvusu,1
https://blog.lzhvlh.net/post/uxhxci,0
http://secure-fmgnzw-login.tk/update?id=yczols,1
https://kwprul.org/about,0
http://secure-plzlze-login.tk/update?id=vwbjuf,1
https://www.btdglf.edu/courses,0
http://jppzsl-login.com/verify?user=qesiar&token=iezuja,1
http://www.dpsous.com.hmjebf.ru/signin,1
http://orxjcx-alert.info/winner/claim?prize=qttinp,1
https://shop.hgudar.co.uk/products,0
http://secure-cbpkcr-login.tk/update?id=eeffyj,1
http://yfwvcf.free-update.xyz/account/confirm,1
http://yqolua-login.com/verify?user=fmiclt&token=axeqwj,1
https://hjlqpq.org/about,0
https://wkuson.org/about,0
https://www.iqdmrh.edu/courses,0
http://xsatyj.free-update.xyz/account/confirm,1
https://shop.qzcibx.co.uk/products,0
https://www.wbmkrs.com/,0
https://shop.cfngsc.co.uk/products,0
https://phwfie.org/about,0
http://xszrdv-alert.info/winner/claim?prize=flwsxw,1
http://gfpnmp.free-update.xyz/account/confirm,1
https://jeuyro.org/about,0
https://www.smuwjg.edu/courses,0
http://nplbot-login.com/verify?user=rfwoor&token=evzcgi,1
https://jresdu.org/about,0
http://zilwku-login.com/verify?user=eseyok&token=dbitrt,1
http://hvkewr.free-update.xyz/account/confirm,1
https://shop.rpmymh.co.uk/products,0
https://mpwdhg.org/about,0
https://www.efsiho.com/,0
https://www.eikcod.com/,0
http://www.mzqckr.com.opitbf.ru/signin,1
http://secure-rjyzsp-login.tk/update?id=pcaphy,1
http://www.fvcqjj.com.tezhbm.ru/signin,1
https://hxqcsx.org/about,0
https://shop.dtlssw.co.uk/products,0
http://www.nzwnja.com.qxssix.ru/signin,1
http://secure-zaeyrg-login.tk/update?id=njycbc,1
http://zlnzoc-login.com/verify?user=wfscgq&token=cwvzqn,1
https://www.blyqnq.edu/courses,0
https://blog.mfpcsi.net/post/yavxve,0
http://jsoxuo-alert.info/winner/claim?prize=xuzhzf,1
http://luvjti.free-update.xyz/account/confirm,1
https://www.elfaxl.edu/courses,0
http://secure-fycbwp-login.tk/update?id=mflyyy,1
https://www.jviqho.edu/courses,0
https://blog.hqkkil.net/post/fcimdy,0
http://secure-ddksih-login.tk/update?id=xfseix,1
https://www.daebsi.com/,0
http://www.pxoebz.com.cqzaxt.ru/signin,1
https://blog.dqzbbz.net/post/yatrhq,0
https://blog.ghwbkw.net/post/refcvs,0
https://www.wchsfv.edu/courses,0
http://xqpxcm-alert.info/winner/claim?prize=jhypsh,1
https://gylbxl.org/about,0
http://192.168.wckzcu.myfvxe/paypal/signin,1
https://blog.eozqzy.net/post/arvuni,0
https://shop.gbmghk.co.uk/products,0
https://www.wnuley.edu/courses,0
https://shop.ohvwwy.co.uk/products,0
https://www.lrluuz.com/,0
http://192.168.xsmljs.rzfyry/paypal/signin,1
http://192.168.vumyvz.lyidon/paypal/signin,1
http://myoimy-alert.info/winner/claim?prize=orzunl,1
https://www.oghuaq.com/,0
http://kpzvdg-alert.info/winner/claim?prize=gbdkbp,1
https://blog.jnmngq.net/post/dbejko,0
https://www.bwxtvh.com/,0
http://pzmhwn-login.com/verify?user=gfxenp&token=nzuodz,1
https://www.yrvxtc.edu/courses,0
https://www.bvnmmv.edu/courses,0
http://192.168.ntxehs.qzmxqo/paypal/signin,1
http://bcqmss-login.com/verify?user=qcydmy&token=soviay,1
https://www.brtuvs.edu/courses,0
https://blog.oeccnu.net/post/qzhzwo,0
http://azulfu-login.com/verify?user=lzfjzv&token=tvbciq,1
http://odmpiv-alert.info/winner/claim?prize=exvqme,1
https://vuqeil.org/about,0
https://www.tjnmre.edu/courses,0
https://shop.rqpolz.co.uk/products,0
https://blog.duouuo.net/post/dydjlp,0
http://www.xcwnov.com.osxwaw.ru/signin,1
https://shop.mwcuxn.co.uk/products,0
https://www.uazfcz.com/,0
http://pvzidk.free-update.xyz/account/confirm,1
http://sktkry.free-update.xyz/account/confirm,1
https://www.tupmpl.edu/courses,0
http://www.xyuhzk.com.farwmz.ru/signin,1
http://secure-rktiqc-login.tk/update?id=yfiuzj,1
https://oltnpr.org/about,0
http://rdodnc-alert.info/winner/claim?prize=ifuzpi,1
http://www.fmrdat.com.ryroht.ru/signin,1
http://thzzip-login.com/verify?user=epgykr&token=ctrgfe,1
https://blog.ykgnlq.net/post/pthbpk,0
http://qagtqc.free-update.xyz/account/confirm,1
https://www.cufjuz.edu/courses,0
http://kinccb-login.com/verify?user=ujfehb&token=psfpmj,1
https://blog.mrcdis.net/post/uykyac,0
http://lagaei-login.com/verify?user=psbbxf&token=cgcwte,1
http://kjllwa-login.com/verify?user=ortbly&token=vfanam,1
http://secure-vclgxd-login.tk/update?id=rznwop,1
https://www.jtgfib.edu/courses,0
https://blog.nhctep.net/post/zpslbu,0
http://yteupv-login.com/verify?user=npsyrc&token=bqeuhi,1
http://hktehd-alert.info/winner/claim?prize=hyuzkf,1
https://yzcmbg.org/about,0
https://www.hjfghv.com/,0
https://www.mtwems.com/,0
http://secure-ejednw-login.tk/update?id=iuvvtu,1
http://rnvwnh.free-update.xyz/account/confirm,1
http://vztjnt.free-update.xyz/account/confirm,1
http://192.168.gfyplu.ymqfor/paypal/signin,1
http://secure-bvlalc-login.tk/update?id=owfjsp,1
http://tfcpxz-alert.info/winner/claim?prize=spattl,1
https://www.cvbhxs.com/,0
https://shop.juoise.co.uk/products,0
https://www.rbgbtd.com/,0
http://zcilry.free-update.xyz/account/confirm,1
http://uxgiin-login.com/verify?user=ccrxkx&token=bugvyr,1
https://www.epraja.edu/courses,0
https://shop.xrlgrp.co.uk/products,0
https://shop.okxcyn.co.uk/products,0
http://xtbuvg-login.com/verify?user=lmtlub&token=vcuqpn,1
https://aiazdl.org/about,0
http://onszsp.free-update.xyz/account/confirm,1
http://secure-mxsype-login.tk/update?id=lninxt,1
http://192.168.mxgivr.ovyhkx/paypal/signin,1
https://rntdvd.org/about,0
http://secure-zarlbq-login.tk/update?id=lssksg,1
https://www.uidctf.edu/courses,0
http://hfibgc-alert.info/winner/claim?prize=btzkrx,1
https://blog.wbdrvm.net/post/tihvpn,0
http://192.168.vpcjhr.bpoeit/paypal/signin,1
https://www.mrxbdt.edu/courses,0
https://www.ubhtwj.edu/courses,0
https://www.xddbus.com/,0
https://blog.otnszp.net/post/cwhysu,0
https://www.dvjpgp.com/,0
https://blog.htqpwq.net/post/abzvam,0
https://www.lrznxs.com/,0
https://bdcaot.org/about,0
https://ealxeq.org/about,0
http://www.ocmmmd.com.qqtwep.ru/signin,1
http://www.dxzsmg.com.dbbjir.ru/signin,1
http://www.qksnpp.com.uiblny.ru/signin,1
https://blog.azworo.net/post/cpgcqn,0
https://blog.humqug.net/post/zcsuuk,0
https://www.tpzgkg.edu/courses,0
http://secure-lmszzf-login.tk/update?id=rxwcok,1
https://blog.saamer.net/post/ldrtjd,0
https://blog.ahdiev.net/post/rfcwoo,0
https://blog.libqmk.net/post/dwfzqc,0
http://pswlyw-alert.info/winner/claim?prize=tsnzhk,1
https://shop.bwivxq.co.uk/products,0
https://blog.bhplyp.net/post/xydlyr,0
https://shop.iiktux.co.uk/products,0
http://watwpl-login.com/verify?user=komnjs&token=hiuirf,1
https://zlhmaz.org/about,0
http://rkhyjc.free-update.xyz/account/confirm,1
http://secure-qhvgth-login.tk/update?id=cmdymc,1
http://192.168.bxzyiz.bcbavd/paypal/signin,1
https://ngmgdc.org/about,0
http://secure-jujcvh-login.tk/update?id=cybfve,1
http://rhpxtx-alert.info/winner/claim?prize=whetit,1
http://192.168.enjuwy.qiqrth/paypal/signin,1
https://www.ljcjiy.com/,0
http://ixbahe-login.com/verify?user=riqqsx&token=zryzct,1
https://blog.xauhdn.net/post/wvpyky,0
https://shop.vucjge.co.uk/products,0
http://crorzm-login.com/verify?user=cfiogp&token=bbdcbo,1
https://www.jefkeh.com/,0
http://192.168.rarqiu.tqniys/paypal/signin,1
https://shop.zmaafv.co.uk/products,0
https://blog.bsgfcd.net/post/hjfwxg,0
http://bqdlsm.free-update.xyz/account/confirm,1
http://secure-xvdjhw-login.tk/update?id=qjipeg,1
https://www.mvcklj.com/,0
https://www.guhpif.com/,0
http://secure-mpswbw-login.tk/update?id=brdrhq,1
http://ffwvsx.free-update.xyz/account/confirm,1
http://192.168.ypqxwy.oxvgld/paypal/signin,1
https://tervlw.org/about,0
https://www.vfxhey.com/,0
http://fqevye-login.com/verify?user=mbkiwc&token=loamrz,1
https://shop.cdllri.co.uk/products,0
http://lsmyhf-login.com/verify?user=bzzyzo&token=dbcjxk,1
https://mkaomw.org/about,0
https://shop.fmekwr.co.uk/products,0
https://blog.biolls.net/post/upiquu,0
http://secure-nkjwug-login.tk/update?id=whcdhy,1
http://evxwhn-alert.info/winner/claim?prize=ecoaqd,1
https://blog.smqwft.net/post/bvmqzw,0
http://secure-uqmduf-login.tk/update?id=isnatj,1
http://ehqyrd-login.com/verify?user=rzdltg&token=ywyjis,1
http://www.gwpywd.com.yqfdik.ru/signin,1
http://www.pbxegi.com.lhpqid.ru/signin,1
http://iknmfd-alert.info/winner/claim?prize=ilxnsc,1
http://www.gsgeep.com.vlykhx.ru/signin,1
http://ygcmsu-login.com/verify?user=jsgjoj&token=lermsj,1
https://shop.njcvwy.co.uk/products,0
http://zcxmfy-login.com/verify?user=igwvmz&token=ijdmqm,1
http://szjjyj-login.com/verify?user=ehrshm&token=gxybfq,1
http://secure-mwhtnl-login.tk/update?id=nafaol,1
https://www.cwyvqo.com/,0
http://apbfxw.free-update.xyz/account/confirm,1
http://secure-knkigq-login.tk/update?id=ryfyej,1
http://pckofc-login.com/verify?user=aafekh&token=axbjwp,1
http://lyvpcr-login.com/verify?user=jtnzqw&token=mkikcm,1
http://192.168.zwvtkn.zqgnpt/paypal/signin,1
http://192.168.pbgssp.fjvujc/paypal/signin,1
https://blog.wpygah.net/post/terzaa,0
http://secure-rfsxru-login.tk/update?id=delggt,1
http://gctjdx.free-update.xyz/account/confirm,1
https://www.lhsdgj.com/,0
http://secure-sdblkv-login.tk/update?id=oxzadk,1
http://www.usbxjm.com.qfuyou.ru/signin,1
https://shop.knxudz.co.uk/products,0
https://shop.vmhfxn.co.uk/products,0
https://shop.zsjprg.co.uk/products,0
http://vtmqei-login.com/verify?user=oibysh&token=wydzoc,1
http://secure-zzeyjl-login.tk/update?id=njhfil,1
https://shop.orgimp.co.uk/products,0
https://shop.ycdisp.co.uk/products,0
http://secure-eikcsm-login.tk/update?id=druubg,1
http://www.hhewer.com.wfwbay.ru/signin,1
https://blog.nuhgiz.net/post/hgvaav,0
http://secure-cpgpjq-login.tk/update?id=akwgfm,1
https://www.pfnyja.com/,0
https://shop.vezyqy.co.uk/products,0
http://fqtney-alert.info/winner/claim?prize=mtaadl,1
https://shop.aaqvfr.co.uk/products,0
https://shop.izzuui.co.uk/products,0
https://www.mjbebn.com/,0
https://www.isedox.com/,0
http://nmudll.free-update.xyz/account/confirm,1
http://vjpvsg-alert.info/winner/claim?prize=bkwhey,1
http://xbfkwy-alert.info/winner/claim?prize=ifhznw,1
https://www.iuelhr.com/,0
https://shop.icngqr.co.uk/products,0
http://192.168.bvjjaq.aejvib/paypal/signin,1
https://www.eishqu.com/,0
https://shop.ezhmiw.co.uk/products,0
https://idleth.org/about,0
https://www.vericm.com/,0
http://www.lakdzy.com.nzzcix.ru/signin,1
https://vtihqm.org/about,0
https://hvrbtc.org/about,0
http://www.whoeni.com.ypserp.ru/signin,1
https://blog.rzzcgc.net/post/crxhic,0
http://secure-lxifqc-login.tk/update?id=gxhqqo,1
http://slzkrn-login.com/verify?user=ncbdyh&token=xiplpu,1
https://qhlffe.org/about,0
http://zeronq-alert.info/winner/claim?prize=jumfiu,1
http://www.gvztdh.com.ntkcfh.ru/signin,1
https://blog.dwqiek.net/post/yqynva,0
https://blog.ocoeiv.net/post/cdmrcm,0
https://www.sbkmpq.com/,0
http://secure-lccyuj-login.tk/update?id=ntxrgy,1
http://www.aiikuu.com.cgettj.ru/signin,1
https://www.yculmt.com/,0
http://192.168.neenbb.ozwikx/paypal/signin,1
https://wkznsg.org/about,0
http://ssezjs-login.com/verify?user=khwwvt&token=nkxoje,1
http://secure-gwvkjy-login.tk/update?id=ufhscj,1
http://evxveu-alert.info/winner/claim?prize=ntafop,1
http://ryydug.free-update.xyz/account/confirm,1
http://euvehv-alert.info/winner/claim?prize=fowdts,1
http://nqxxnn-alert.info/winner/claim?prize=dmqvov,1
http://taibvn-alert.info/winner/claim?prize=crgbls,1
https://www.arnfrv.com/,0
https://shop.uhspsd.co.uk/products,0
http://yrbfkk.free-update.xyz/account/confirm,1
https://blog.dlercm.net/post/klpamx,0
http://192.168.xqtrqg.ecnzrq/paypal/signin,1
http://tspxue-alert.info/winner/claim?prize=fhvmcd,1
https://blog.wnpxeg.net/post/dyccci,0
https://shop.rjgsym.co.uk/products,0
https://blog.fwychi.net/post/tmndmb,0
http://pxulpm.free-update.xyz/account/confirm,1
http://www.wurlyr.com.uauhgn.ru/signin,1
https://www.zrhkba.edu/courses,0
http://secure-qastzw-login.tk/update?id=yspaed,1
https://www.lojuyf.com/,0
https://www.yzoszg.com/,0
https://www.ghqscw.com/,0
https://shop.vagjpy.co.uk/products,0
https://www.oznsgt.edu/courses,0
http://secure-kmwjbm-login.tk/update?id=vkdwfb,1
http://www.tblxiw.com.xcsajw.ru/signin,1
http://dvrgtv-alert.info/winner/claim?prize=rbotwb,1
https://blog.fhqfox.net/post/whlcjd,0
https://shop.lwptjf.co.uk/products,0
http://mhvnzg-login.com/verify?user=zrkcpx&token=ndyues,1
https://blog.wydbgl.net/post/drlbbe,0
https://www.wxcvea.com/,0
http://grmgep.free-update.xyz/account/confirm,1
https://shop.cemzit.co.uk/products,0
https://shop.zvkshb.co.uk/products,0
http://secure-gxeugj-login.tk/update?id=crjvyu,1
http://secure-kfbhbf-login.tk/update?id=brrzmu,1
https://nskqpn.org/about,0
http://192.168.cefvzg.ohhkue/paypal/signin,1
http://192.168.xmwmhd.kswhxa/paypal/signin,1
https://blog.bmdenb.net/post/dodxoz,0
http://192.168.bctfez.zdmzbr/paypal/signin,1
http://ifewxn-alert.info/winner/claim?prize=spskjh,1
https://www.hyxzmz.com/,0
https://www.rqxucr.edu/courses,0
http://rrkbun-alert.info/winner/claim?prize=uuykrb,1
https://www.nupaes.edu/courses,0
https://aqpcti.org/about,0
https://blog.pscdhu.net/post/siguao,0
https://shop.dvqmwj.co.uk/products,0
http://secure-xgawgd-login.tk/update?id=uygstu,1
https://www.opzuap.com/,0
http://osuqvn-alert.info/winner/claim?prize=huqexm,1
https://blog.gcfqzv.net/post/rusmnz,0
https://www.twgyse.com/,0
https://www.xdosdm.edu/courses,0
http://192.168.zvsjeu.zlveop/paypal/signin,1
http://www.lhtkzd.com.kbuxfa.ru/signin,1
https://blog.olujbr.net/post/gracmr,0
https://www.anvirv.edu/courses,0
http://secure-kqgiut-login.tk/update?id=pewxrb,1
http://oxskor-login.com/verify?user=jpcler&token=qhvyme,1
http://secure-hqmroh-login.tk/update?id=gvoktz,1
http://www.pxuzmk.com.dlnzjy.ru/signin,1
https://www.uicmha.com/,0
https://www.weybye.com/,0
https://blog.fixbcw.net/post/hirxpi,0
https://shop.vfvimn.co.uk/products,0
https://blog.aenahs.net/post/ptmvun,0
https://blog.wovmuu.net/post/ajopep,0
http://prpxrl-login.com/verify?user=nvdput&token=hsgvxc,1
https://www.rfmbsq.com/,0
https://shop.dnrjtq.co.uk/products,0
http://secure-ugkeiv-login.tk/update?id=tyeooo,1
https://www.bmwyzl.com/,0
http://vahlse-login.com/verify?user=pioyog&token=voozim,1
https://www.hcggpm.com/,0
http://www.mhgabz.com.jfweiu.ru/signin,1
http://secure-pulrxn-login.tk/update?id=vdxzxs,1
http://czwmhb-login.com/verify?user=pcgdzy&token=qkxacg,1
http://192.168.selzxz.bikvpn/paypal/signin,1
http://yhrcjq-login.com/verify?user=nndjjk&token=jivkma,1
http://ymhfma.free-update.xyz/account/confirm,1
https://shop.xtaxrm.co.uk/products,0
http://www.gdvvpd.com.vvexcs.ru/signin,1
https://shop.qzyisd.co.uk/products,0
http://buixjd-alert.info/winner/claim?prize=dyzcpi,1
https://www.locidt.com/,0
http://secure-rhnqit-login.tk/update?id=ydtjkt,1
https://shop.ktqyro.co.uk/products,0
https://rjdwlu.org/about,0
http://bhikeh-alert.info/winner/claim?prize=ezgpww,1
http://192.168.lmyzbc.wbmdga/paypal/signin,1
https://shop.vlbfqq.co.uk/products,0
http://secure-hgivtd-login.tk/update?id=lzvfwg,1
https://blog.tztkmw.net/post/lskzze,0
http://www.zgqlki.com.dkcgky.ru/signin,1
https://www.ypotzh.edu/courses,0
https://blog.spwikz.net/post/gfqdln,0
https://blog.vkbedv.net/post/rzraxm,0
https://www.rtqydg.com/,0
http://www.ygapud.com.mvohck.ru/signin,1
http://colaaq-alert.info/winner/claim?prize=psufyn,1
http://secure-vqwkyx-login.tk/update?id=lhdodc,1
http://www.troptp.com.agluot.ru/signin,1
https://blog.iuorfz.net/post/xwsylx,0
http://www.sjwjny.com.cczijy.ru/signin,1
http://gavyjr-login.com/verify?user=wsvddd&token=kvddgy,1
https://qaaqeq.org/about,0
https://www.myfwxj.com/,0
http://secure-xexhki-login.tk/update?id=jlulrq,1
http://stgmqx.free-update.xyz/account/confirm,1
http://secure-scwmsg-login.tk/update?id=kbaooq,1
http://yuiawq.free-update.xyz/account/confirm,1
http://www.wbdtzx.com.chrupo.ru/signin,1
https://www.fousqx.edu/courses,0
https://shop.idmlpd.co.uk/products,0
https://shop.mgkjqu.co.uk/products,0
https://shop.dzyegq.co.uk/products,0
https://www.uplavw.com/,0
http://secure-rtwqlj-login.tk/update?id=ifxnul,1
http://www.hdmhjy.com.vuohpj.ru/signin,1
https://shop.bcdrop.co.uk/products,0
https://shop.kuelcn.co.uk/products,0
http://ttwkiv-login.com/verify?user=ieghif&token=gdhfob,1
http://lncdjc-alert.info/winner/claim?prize=vtzfep,1
https://www.bxbpuh.edu/courses,0
https://www.ciiglt.com/,0
https://wolxyq.org/about,0
http://svqgvu-alert.info/winner/claim?prize=nrsdhu,1
http://www.jjnchp.com.ckfsdk.ru/signin,1
https://rhulqi.org/about,0
https://vjrvhr.org/about,0
http://lpdgjo-alert.info/winner/claim?prize=xlgxxx,1
https://www.vhkobq.edu/courses,0
https://shop.qxzjgm.co.uk/products,0
https://www.nkytao.edu/courses,0
http://frwyty-login.com/verify?user=mnbxpm&token=jtxyak,1
https://shop.swmwqh.co.uk/products,0
http://napsbm-login.com/verify?user=xjjykr&token=ymdvmz,1
http://192.168.ccrfhj.kcwdsd/paypal/signin,1
https://www.ffxfgg.com/,0
https://shop.nzgfxt.co.uk/products,0
http://www.reglmn.com.malszq.ru/signin,1
https://shop.ctecnm.co.uk/products,0
http://ckwerc-alert.info/winner/claim?prize=avnzff,1
http://jbzahw-login.com/verify?user=syvgak&token=thymyj,1
https://theycy.org/about,0
http://www.wwwwuy.com.alkmjs.ru/signin,1
https://shop.veopgz.co.uk/products,0
https://shop.gxlgok.co.uk/products,0
https://blog.vlcgsk.net/post/vuhvdd,0
http://lxvxtr-login.com/verify?user=sbplos&token=luundy,1
http://sicdzt.free-update.xyz/account/confirm,1
https://www.vtqyzu.com/,0
https://blog.ailxgb.net/post/sncbjw,0
https://shop.mhkcel.co.uk/products,0
https://www.xnixzo.edu/courses,0
https://oqaxue.org/about,0
https://shop.uvzwpy.co.uk/products,0
http://secure-qbfpvw-login.tk/update?id=atobxd,1
http://secure-crnzyb-login.tk/update?id=xfscwr,1
http://secure-rtnbxa-login.tk/update?id=sahpsh,1
http://secure-eafabx-login.tk/update?id=zrbbwk,1
http://www.ncpfkp.com.dimlji.ru/signin,1
http://aenglc-alert.info/winner/claim?prize=dglyjj,1
http://192.168.ecaenr.xhzlwb/paypal/signin,1
http://secure-uaztya-login.tk/update?id=konrwl,1
http://bsfvhc-alert.info/winner/claim?prize=zjklks,1
http://secure-yfxieg-login.tk/update?id=zvqthm,1
https://blog.kcenlt.net/post/fkjjsb,0
http://www.krajdg.com.ktfblt.ru/signin,1
https://www.jmyzam.edu/courses,0
https://shop.gmgbds.co.uk/products,0
http://sbyrhc.free-update.xyz/account/confirm,1
http://gwzljw.free-update.xyz/account/confirm,1
https://shop.gynjkr.co.uk/products,0
http://uqlpdt-login.com/verify?user=lrnfvu&token=kcmkzs,1
http://secure-nssvbr-login.tk/update?id=mqznky,1
http://secure-uprpqw-login.tk/update?id=poidrw,1
http://kbqciy-alert.info/winner/claim?prize=rfwmhk,1
http://ojiglf.free-update.xyz/account/confirm,1
http://secure-qixckd-login.tk/update?id=feoqca,1
http://budzhp-alert.info/winner/claim?prize=oyjglx,1
http://secure-ddqyad-login.tk/update?id=eomicc,1
http://www.igkgbh.com.mxhicm.ru/signin,1
http://www.ujzpoa.com.adpbvc.ru/signin,1
http://192.168.xbhoul.rxfdvu/paypal/signin,1
https://www.jqbwow.com/,0
https://npjfeq.org/about,0
https://jznxba.org/about,0
http://192.168.sweplp.nwuhgj/paypal/signin,1
https://blog.rszhpv.net/post/yvvpqi,0
https://www.vajfhu.edu/courses,0
https://www.hywhtp.com/,0
http://txaghr-alert.info/winner/claim?prize=mvaslk,1
https://www.toujne.edu/courses,0
http://secure-daivvd-login.tk/update?id=jjvryu,1
http://192.168.dzzqpm.gfapdr/paypal/signin,1
http://secure-glqqnp-login.tk/update?id=xqxwql,1
https://blog.dubevy.net/post/lracfm,0
https://blog.cqwvfj.net/post/otatqw,0
https://shop.zfjddx.co.uk/products,0
https://twxdwo.org/about,0
https://gkimvo.org/about,0
http://www.lsybua.com.qwshtp.ru/signin,1
https://blog.fxakuk.net/post/asewbn,0
https://shop.nunnlg.co.uk/products,0
http://udzwcc-alert.info/winner/claim?prize=bqqqcq,1
https://blog.xxroln.net/post/smouri,0
https://www.zkziju.com/,0
https://blog.vkthon.net/post/xwtqse,0
https://www.kqnrdy.edu/courses,0
http://zqeqcs-alert.info/winner/claim?prize=fxjnky,1
https://blog.ogqsta.net/post/zpuzgm,0
https://shop.fmalby.co.uk/products,0
http://secure-fjdetj-login.tk/update?id=iyqetn,1
http://secure-crznhi-login.tk/update?id=exeqdx,1
https://www.bkpivm.com/,0
https://blog.ymmtlf.net/post/eqciam,0
https://www.sikblm.com/,0
https://shop.eyhhkx.co.uk/products,0
https://shop.idhiti.co.uk/products,0
http://www.oqvxdx.com.yqdocu.ru/signin,1
http://vadrcf-login.com/verify?user=bauigk&token=wzgehp,1
https://www.bqafje.com/,0
http://mgxeqe-alert.info/winner/claim?prize=hxyqkn,1
http://smmmwn.free-update.xyz/account/confirm,1
https://blog.kefais.net/post/gkkfxp,0
http://192.168.pfcpbz.ufpqzs/paypal/signin,1
https://www.fuoast.edu/courses,0
https://shop.lmxgay.co.uk/products,0
http://jfnkko.free-update.xyz/account/confirm,1
https://pzkoir.org/about,0
http://192.168.gkhfxb.bfypla/paypal/signin,1
https://shop.xuwvrh.co.uk/products,0
http://www.gavblx.com.wqppgg.ru/signin,1
http://www.siltpi.com.hizytj.ru/signin,1
https://www.dzldcj.com/,0
http://www.umlyup.com.yjpwwy.ru/signin,1
http://secure-zpeeux-login.tk/update?id=fllsjv,1
http://www.zxcvyb.com.ckdsyz.ru/signin,1
http://vbghem-alert.info/winner/claim?prize=ougvbo,1
http://ahnlsn-login.com/verify?user=ozojbv&token=dtmita,1
http://www.dwvtgi.com.pjrtis.ru/signin,1
http://192.168.ogdbxg.nhxywi/paypal/signin,1
http://www.xaissj.com.tnifxg.ru/signin,1
https://www.aflgjm.com/,0
https://oddmth.org/about,0
http://sbwmaf-alert.info/winner/claim?prize=ajilhf,1
http://www.cmptql.com.dvigfn.ru/signin,1
http://www.okifju.com.sswdaf.ru/signin,1
https://www.aeaxau.edu/courses,0
https://www.dyptcl.com/,0
https://blog.naimrh.net/post/omwyzo,0
http://192.168.tnyhhh.byypnz/paypal/signin,1
http://tnsuqm-login.com/verify?user=urhbva&token=hbiecd,1
http://tvxajr-alert.info/winner/claim?prize=dmzgmu,1
http://secure-mvnfgq-login.tk/update?id=sgzgrl,1
http://secure-pftovr-login.tk/update?id=jnxyuq,1
https://www.dcawvo.edu/courses,0
http://wtqzai-login.com/verify?user=suqlbb&token=uimxjy,1
https://www.slzetf.com/,0
http://awuops.free-update.xyz/account/confirm,1
https://xrjwmr.org/about,0
http://192.168.mfsytx.xkwfds/paypal/signin,1
https://www.cqieuu.edu/courses,0
https://shop.gvcfxn.co.uk/products,0
https://blog.ourasq.net/post/dckfau,0
http://www.pedswm.com.lmeixa.ru/signin,1
http://rwvshm-login.com/verify?user=ezdahj&token=bkgceu,1
http://ekoixj.free-update.xyz/account/confirm,1
https://www.xofqni.com/,0
https://shop.dkfdnl.co.uk/products,0
http://secure-bdmkgw-login.tk/update?id=lhrtik,1
http://secure-qtftfo-login.tk/update?id=kvayhw,1
http://gwnzyh.free-update.xyz/account/confirm,1
http://pdmpan-alert.info/winner/claim?prize=czgerz,1
http://zphqgp-alert.info/winner/claim?prize=yyiwug,1
http://xktxka-login.com/verify?user=rqkxbs&token=iswrfj,1
https://www.tfspgj.edu/courses,0
https://www.uotron.com/,0
http://aatnxx-alert.info/winner/claim?prize=pyjebl,1
https://www.nncgjc.com/,0
https://www.yudzmp.edu/courses,0
https://blog.ospskq.net/post/vkfiwy,0
http://secure-chdgfn-login.tk/update?id=pbxbla,1
https://www.mofavd.com/,0
https://blog.dbzrub.net/post/gftqur,0
https://www.rcoyev.com/,0
http://xdmuhk-login.com/verify?user=eipqxl&token=vpxmbm,1
https://www.elbwhj.edu/courses,0
https://rlqmmy.org/about,0
https://www.jpdxrs.com/,0
http://secure-vqzrkq-login.tk/update?id=tkbbxv,1
http://secure-fmdosv-login.tk/update?id=yqiqgz,1
https://blog.wllauf.net/post/pbcsus,0
http://www.qlgwyh.com.curcrl.ru/signin,1
https://blog.qxpxsr.net/post/xbuizs,0
http://192.168.lhtxfc.pkjvwq/paypal/signin,1
https://www.kkeuyr.com/,0
https://blog.rmxwaq.net/post/axdjps,0
http://yfqmvb.free-update.xyz/account/confirm,1
https://www.ayaatm.edu/courses,0
https://pcjcay.org/about,0
http://secure-yezfsk-login.tk/update?id=ogakum,1
https://www.cmomek.com/,0
http://secure-jlgpvt-login.tk/update?id=wybucv,1
http://hauhoi-alert.info/winner/claim?prize=xcyqao,1
https://blog.mpxpvx.net/post/uqpqss,0
http://www.nhqznn.com.xaydig.ru/signin,1
http://bzzupo.free-update.xyz/account/confirm,1
https://www.rkkxqo.edu/courses,0
http://cjgoqp-alert.info/winner/claim?prize=xjwija,1
https://blog.bzyijx.net/post/hnauls,0
https://srakez.org/about,0
http://192.168.edpjjw.dwkivj/paypal/signin,1
http://lhfija-login.com/verify?user=asxzaz&token=otzfqn,1
https://www.zzmera.edu/courses,0
https://www.kkvzui.edu/courses,0
http://192.168.uhjkea.uptzff/paypal/signin,1
https://bfinzp.org/about,0
https://www.vjtemw.edu/courses,0
https://blog.trdwys.net/post/sjimjm,0
https://www.qioijt.edu/courses,0
http://nvmvlm.free-update.xyz/account/confirm,1
https://www.ifmwxl.com/,0
https://www.cranov.com/,0
https://blog.agnhaq.net/post/ninkoq,0
http://192.168.xdokfd.lyuqlx/paypal/signin,1
https://blog.ohekdm.net/post/wewyyw,0
https://www.qmhywy.com/,0
http://192.168.skuczi.pdnwhe/paypal/signin,1
http://lynphe.free-update.xyz/account/confirm,1
https://blog.ggxvrj.net/post/wiriqz,0
http://eemqcu-alert.info/winner/claim?prize=mwcjwt,1
http://secure-rbtckc-login.tk/update?id=rbpwsz,1
http://secure-uuxcba-login.tk/update?id=nvmqoz,1
http://zloyny.free-update.xyz/account/confirm,1
http://lupfub-alert.info/winner/claim?prize=dttgfr,1
https://blog.ftkenk.net/post/czwlrn,0
https://blog.qjbciu.net/post/nevdhw,0
http://secure-ozxdry-login.tk/update?id=srfkka,1
https://blog.pfudkx.net/post/ebpvrj,0
https://shop.bqimyy.co.uk/products,0
http://pwjkrn-login.com/verify?user=nvqzpk&token=hboawl,1
https://www.sarlac.edu/courses,0
http://sqhcfl.free-update.xyz/account/confirm,1
https://blog.jwyptg.net/post/alxsrp,0
http://sicbhp.free-update.xyz/account/confirm,1
http://uytstp-login.com/verify?user=kjxukn&token=kvfcqr,1
http://futvwd.free-update.xyz/account/confirm,1
http://mbqvak-alert.info/winner/claim?prize=brvtla,1
http://secure-ijqxno-login.tk/update?id=dbgzhx,1
http://cglctl.free-update.xyz/account/confirm,1
https://www.ojlzym.edu/courses,0
https://www.hmwhow.edu/courses,0
https://shop.goixps.co.uk/products,0
http://192.168.evhqqw.npfxzu/paypal/signin,1
http://192.168.vrfwml.hykjpn/paypal/signin,1
https://otgxap.org/about,0
https://netkdu.org/about,0
http://www.fogwmg.com.zbhozp.ru/signin,1
https://incwry.org/about,0
http://192.168.wrxdin.lfagji/paypal/signin,1
https://azypia.org/about,0
https://www.kadbik.com/,0
http://www.mrjhsg.com.ipkkda.ru/signin,1
http://luikoi-login.com/verify?user=ykdvzd&token=atpsik,1
https://shop.bxhqcd.co.uk/products,0
http://eyfkes-login.com/verify?user=ofnsch&token=gsbsse,1
https://blog.wfbztt.net/post/ebybpy,0
http://192.168.mboujp.wdftcq/paypal/signin,1
https://ymmrsg.org/about,0
https://www.pskwji.edu/courses,0
http://secure-nzaila-login.tk/update?id=uiwvnc,1
http://192.168.fopkwb.vnhiuu/paypal/signin,1
https://blog.rframg.net/post/notjbs,0
https://blog.ljahyp.net/post/klyffm,0
https://www.osksbu.com/,0
http://jxmzgr-login.com/verify?user=axfumk&token=cigrqi,1
https://www.lhkdlf.com/,0
http://www.igtqvz.com.btofwd.ru/signin,1
https://www.ygpzai.com/,0
http://jhvtsh-login.com/verify?user=lgyeqm&token=mfclpb,1
https://xxsbfu.org/about,0
http://bdciij-alert.info/winner/claim?prize=omdbqf,1
http://www.zwlgtr.com.umlfor.ru/signin,1
http://secure-umntju-login.tk/update?id=rdmhmc,1
https://blog.doatkh.net/post/fkzlni,0
http://wrdlqx.free-update.xyz/account/confirm,1
https://xhmowm.org/about,0
https://www.nohjgw.com/,0
http://zrxklm.free-update.xyz/account/confirm,1
https://shop.ykkvuh.co.uk/products,0
https://www.dosqvg.edu/courses,0
https://blog.unjfqy.net/post/tnzriy,0
http://wgaqut.free-update.xyz/account/confirm,1
https://blog.rapzbc.net/post/nljnue,0
https://blog.ggtwdp.net/post/nsqvdb,0
https://shop.ejtqei.co.uk/products,0
https://shop.gmjdvn.co.uk/products,0
https://ycyuao.org/about,0
https://shop.ytkuls.co.uk/products,0
https://ftmqrw.org/about,0
http://tpsvsy-login.com/verify?user=tfjasw&token=ndbamw,1
https://shop.fvhvjw.co.uk/products,0
http://www.mdnnyh.com.sasdki.ru/signin,1
https://www.qvaxnv.com/,0
https://blog.xdhakd.net/post/pahjmt,0
https://www.uxdsul.com/,0
https://www.xdncct.edu/courses,0
http://gguasf.free-update.xyz/account/confirm,1
http://eebhic.free-update.xyz/account/confirm,1
http://zjskyh-alert.info/winner/claim?prize=qfbyqr,1
http://192.168.kdnxhl.scnfaj/paypal/signin,1
http://iuypig-alert.info/winner/claim?prize=vcryxp,1
https://rmtgjh.org/about,0
https://www.owlacw.edu/courses,0
http://vlpjya-login.com/verify?user=lteqeq&token=oscrnm,1
https://www.glutgi.edu/courses,0
https://www.webisn.com/,0
http://afplkg-login.com/verify?user=jdifmu&token=ugbuog,1
http://www.ntegyj.com.nrumeg.ru/signin,1
https://www.apyszf.edu/courses,0
https://www.bepguv.com/,0
https://blog.tonptm.net/post/oqhrla,0
http://hgobaa-login.com/verify?user=ctsvsp&token=izgowz,1
https://www.utkjjo.edu/courses,0
https://shop.wzvlxm.co.uk/products,0
http://lxboci.free-update.xyz/account/confirm,1
http://kndsht-alert.info/winner/claim?prize=srccef,1
http://vqntxh-alert.info/winner/claim?prize=lrarzp,1
https://pnlulw.org/about,0
http://www.ndyoyz.com.zlpkho.ru/signin,1
https://www.jkypok.com/,0
http://192.168.jsfqom.jrfuxe/paypal/signin,1
https://www.clzvth.edu/courses,0
https://zbtuxp.org/about,0
https://blog.odrryk.net/post/jbddlw,0
http://yujmit-login.com/verify?user=obmghz&token=hefdhq,1
http://www.qrqajn.com.aiubzl.ru/signin,1
http://192.168.gygwba.ergjgs/paypal/signin,1
http://secure-ihcssw-login.tk/update?id=esrste,1
https://www.gzxkyp.edu/courses,0
http://wxjyns-login.com/verify?user=iunfpq&token=fkugdr,1
http://www.flikmi.com.ohdjwx.ru/signin,1
http://192.168.olkxvj.jknjov/paypal/signin,1
https://rkxwaz.org/about,0
https://shop.gywros.co.uk/products,0
http://doakoq.free-update.xyz/account/confirm,1
http://secure-aerpdu-login.tk/update?id=hnioum,1
http://192.168.ncbnil.juxjtk/paypal/signin,1
http://192.168.rbwlim.ssgcat/paypal/signin,1
https://blog.bvazjy.net/post/spvnhf,0
http://woglsh-alert.info/winner/claim?prize=xcojfr,1
https://uiknqz.org/about,0
https://auwdmn.org/about,0
http://www.pizzap.com.vacxxm.ru/signin,1
https://shop.juavmg.co.uk/products,0
https://shop.pontmu.co.uk/products,0
https://shop.jiqksk.co.uk/products,0
http://www.mfgwvs.com.qtlnyi.ru/signin,1
https://bjwgia.org/about,0
http://192.168.ubjbpl.whsepm/paypal/signin,1
http://faptsu-login.com/verify?user=zrlqcp&token=vkcvez,1
http://zlsexz-login.com/verify?user=lwiuay&token=arubeg,1
http://secure-qhgaff-login.tk/update?id=yncvfx,1
https://shop.nfdnow.co.uk/products,0
https://www.cmofwp.edu/courses,0
https://blog.kvzfzn.net/post/grqjyi,0
http://192.168.gthilp.ewptnu/paypal/signin,1
http://www.gvvicg.com.rxrwfw.ru/signin,1
https://blog.pierkh.net/post/qlhdxn,0
http://ulaavd-login.com/verify?user=teabsy&token=ajstow,1
http://htnzqd-login.com/verify?user=abfqve&token=hlfbmj,1
http://secure-ujsvmh-login.tk/update?id=rfowbi,1
https://luuirt.org/about,0
https://blog.euckkn.net/post/iahyqx,0
https://blog.ygygmc.net/post/orgkrn,0
http://lfydqu-login.com/verify?user=nlbrcf&token=haxqjy,1
https://rzfwqv.org/about,0
http://secure-cibaqj-login.tk/update?id=ckdszx,1
http://fuyvra-login.com/verify?user=nvmqgz&token=sevaqn,1
https://shop.ksflvd.co.uk/products,0
http://secure-woybqp-login.tk/update?id=rkkiax,1
https://www.czmlmv.com/,0
https://shop.ntuhls.co.uk/products,0
http://vxxtuj.free-update.xyz/account/confirm,1
http://www.coddtb.com.vfgvkm.ru/signin,1
https://qcljdb.org/about,0
http://resnqg-alert.info/winner/claim?prize=pqvcqt,1
https://shop.iqinan.co.uk/products,0
https://lfosob.org/about,0
http://vqerke-login.com/verify?user=yervej&token=grpwys,1
https://udodxb.org/about,0
https://www.yqgzqm.com/,0
https://blog.xemgbw.net/post/yqmefs,0
http://www.hxkshx.com.rtmmlh.ru/signin,1
http://www.znkguy.com.bcoxkz.ru/signin,1
http://192.168.grhhde.hwkgoo/paypal/signin,1
http://itsnan-alert.info/winner/claim?prize=cebgfi,1
https://shop.njbibs.co.uk/products,0
http://192.168.berczc.ykguyw/paypal/signin,1
http://ufrcnt-alert.info/winner/claim?prize=anvjiu,1
http://npgkky-login.com/verify?user=imtykv&token=gbrrxz,1
https://blog.ljrjwc.net/post/ahnuno,0
http://ocqjeu.free-update.xyz/account/confirm,1
https://blog.tftpbf.net/post/gvizig,0
http://sibuoi-login.com/verify?user=ixlrpu&token=bsrtde,1
http://192.168.qlmuiz.eayack/paypal/signin,1
https://shop.xfxcpx.co.uk/products,0
http://iawemn-login.com/verify?user=ptfxde&token=kgezoq,1
https://yimqwv.org/about,0
http://192.168.niowlf.vhpxfa/paypal/signin,1
https://zmkztb.org/about,0
https://blog.yuvhxf.net/post/cfrffo,0
https://www.xtsmfq.com/,0
https://shop.cfhgpl.co.uk/products,0
https://shop.nungmn.co.uk/products,0
http://www.gbzjfw.com.fmzuvb.ru/signin,1
http://192.168.eqjpfu.xoitha/paypal/signin,1
http://192.168.tfzuez.vxtkgq/paypal/signin,1
https://www.zkqppk.edu/courses,0
http://192.168.bmfdxi.ovsbsf/paypal/signin,1
http://wpjaqg.free-update.xyz/account/confirm,1
http://192.168.aulxfp.znrxga/paypal/signin,1
http://secure-pknuyf-login.tk/update?id=hmofjt,1
http://pcaill-login.com/verify?user=rmefhv&token=aaigfc,1
http://secure-qfpfcv-login.tk/update?id=nuplfi,1
http://hvxhmg-login.com/verify?user=wxylva&token=woormn,1
https://www.gpjrdr.com/,0
http://alggpt.free-update.xyz/account/confirm,1
https://www.xmbwra.edu/courses,0
http://192.168.pxxbut.ivwcln/paypal/signin,1
https://vaefaq.org/about,0
https://www.lokecj.com/,0
https://www.oecvau.edu/courses,0
https://shop.pyauxg.co.uk/products,0
http://192.168.itzexy.vvbvsr/paypal/signin,1
http://dhlruj-login.com/verify?user=ydizuf&token=lqyavn,1
https://bgyouf.org/about,0
http://secure-otyxmm-login.tk/update?id=lymbsd,1
https://kcmlok.org/about,0
https://shop.cczbdr.co.uk/products,0
http://secure-tnqsma-login.tk/update?id=hbmkiv,1
http://puuaoe-alert.info/winner/claim?prize=tqeyjw,1
https://www.ypnwzd.com/,0
https://www.ekdiux.com/,0
https://blog.coumrw.net/post/dmhsyd,0
http://192.168.jpmkil.jdadtu/paypal/signin,1
http://nlffsc-alert.info/winner/claim?prize=citxmc,1
http://secure-ftgrgx-login.tk/update?id=uqtalz,1
http://192.168.xbaags.utrguv/paypal/signin,1
http://www.rcxjjs.com.cxjmma.ru/signin,1
http://192.168.pszaoa.tadkas/paypal/signin,1
http://www.uxvjhk.com.lwkthk.ru/signin,1
https://www.dqibth.com/,0
http://192.168.ajzshx.nrmjwr/paypal/signin,1
https://www.rnomew.com/,0
http://secure-zumurh-login.tk/update?id=tybhze,1
https://www.sbvggy.edu/courses,0
http://lelbhq.free-update.xyz/account/confirm,1
https://www.poirro.edu/courses,0
https://shop.ptqthd.co.uk/products,0
https://www.ecagwv.com/,0
http://secure-umgsym-login.tk/update?id=zbriup,1
https://blog.qlyzox.net/post/ltyzsz,0
http://secure-vgwkyj-login.tk/update?id=qytptp,1
http://bpecqk-alert.info/winner/claim?prize=japbfw,1
https://blog.hcyeza.net/post/xailvh,0
http://lrxxqm-login.com/verify?user=frwmhr&token=vojwbi,1
http://ablsyr.free-update.xyz/account/confirm,1
https://blog.fjravj.net/post/jnndmq,0
https://shop.zysahv.co.uk/products,0
https://www.ofnzdh.com/,0
http://dokwcf.free-update.xyz/account/confirm,1
http://www.xmwrnj.com.egurdi.ru/signin,1
https://shop.ahdmrs.co.uk/products,0
http://secure-pnujfv-login.tk/update?id=pdqvwe,1
http://secure-wgcmjd-login.tk/update?id=nhikxq,1
http://isdoob.free-update.xyz/account/confirm,1
https://blog.zbwssi.net/post/cujeqa,0
http://xvbvtp.free-update.xyz/account/confirm,1
https://rcisye.org/about,0
http://ooptmi-login.com/verify?user=hjrevb&token=idmgfi,1
http://wjxmlu.free-update.xyz/account/confirm,1
http://192.168.xklcjg.fypiev/paypal/signin,1
http://qyapzc-alert.info/winner/claim?prize=axpztz,1
http://www.pskqup.com.gvgjhj.ru/signin,1
https://www.munexs.edu/courses,0
https://www.wmmcyo.com/,0
https://blog.gblpha.net/post/owjufu,0
http://yffxex-login.com/verify?user=zlubcr&token=mafcur,1
https://www.rsntit.edu/courses,0
http://www.dygyhh.com.younfd.ru/signin,1
https://nywpdv.org/about,0
http://192.168.uekxpy.cxdtxx/paypal/signin,1
http://ennvxp-alert.info/winner/claim?prize=pyfkdv,1
http://bshynx-login.com/verify?user=boeown&token=drmapf,1
http://www.youeii.com.xsreaj.ru/signin,1
https://blog.jhudlo.net/post/wyvvhd,0
https://mqjmiz.org/about,0
https://blog.dciqxm.net/post/wewbmu,0
https://blog.jrlwtb.net/post/sdhzra,0
https://gdhkwc.org/about,0
http://www.huhyze.com.jbryti.ru/signin,1
https://shop.stailm.co.uk/products,0
http://192.168.aowqud.xtwxwk/paypal/signin,1
https://www.enymgs.edu/courses,0
https://pyfapp.org/about,0
https://xvzixs.org/about,0
http://yrfcfe.free-update.xyz/account/confirm,1
https://www.wsamox.edu/courses,0
http://192.168.rixlra.vkykex/paypal/signin,1
https://atzdgf.org/about,0
https://shop.yxilhm.co.uk/products,0
http://wzviqb.free-update.xyz/account/confirm,1
http://www.nbqcgr.com.baxcln.ru/signin,1
http://kxayys-alert.info/winner/claim?prize=buamzj,1
https://shop.utvkns.co.uk/products,0
https://shop.ctphkz.co.uk/products,0
https://shop.jpdhrl.co.uk/products,0
https://shop.ewjsip.co.uk/products,0
http://wtsapu-login.com/verify?user=btuudh&token=rtxpdj,1
http://192.168.yyhmcs.vjpzzy/paypal/signin,1
https://www.vimizo.edu/courses,0
https://www.scxyde.com/,0
http://secure-lsaxho-login.tk/update?id=fchidb,1
http://www.bxxnbt.com.mcupwq.ru/signin,1
https://blog.ptfpdu.net/post/xzproy,0
https://www.gieaun.com/,0
http://192.168.gwkvnw.nsjylq/paypal/signin,1
https://blog.lqheop.net/post/scniwr,0
https://shop.fxmuxt.co.uk/products,0
https://www.ebwiii.edu/courses,0
http://rusmwd-login.com/verify?user=nnppsd&token=dzomsf,1
http://192.168.leslcc.mzxkil/paypal/signin,1
https://ngwdyl.org/about,0
https://www.nfavzc.edu/courses,0
http://secure-toieuk-login.tk/update?id=gfjksq,1
https://blog.suxslh.net/post/ovxgrz,0
https://blog.wsgpvu.net/post/djqxke,0
http://xodenj.free-update.xyz/account/confirm,1
http://tchazp-alert.info/winner/claim?prize=vojuvq,1
http://xfiuqe.free-update.xyz/account/confirm,1
http://cgvedv-alert.info/winner/claim?prize=ugaiox,1
http://yfzypt-alert.info/winner/claim?prize=myzmcd,1
https://vwasoo.org/about,0
http://wluimb.free-update.xyz/account/confirm,1
http://brrcko-alert.info/winner/claim?prize=znfjqi,1
http://woegll-alert.info/winner/claim?prize=yyicij,1
http://secure-eaafna-login.tk/update?id=bxfitd,1
http://jwfysw-alert.info/winner/claim?prize=vgcldf,1
http://192.168.awsjzo.xczmel/paypal/signin,1
https://www.rarlvc.com/,0
http://www.ldsfkw.com.proyqh.ru/signin,1
http://secure-njoyga-login.tk/update?id=iboceg,1
https://shop.vrbglt.co.uk/products,0
https://shop.gnqtiz.co.uk/products,0
https://www.qzfwyu.edu/courses,0
http://secure-inuffb-login.tk/update?id=opqemf,1
https://shop.hncvkb.co.uk/products,0
http://expjti-alert.info/winner/claim?prize=olxwui,1
http://psaury.free-update.xyz/account/confirm,1
http://192.168.smvscp.gretwt/paypal/signin,1
http://192.168.cbdcdy.kydxkr/paypal/signin,1
https://www.urwjhk.com/,0
https://blog.jadhbh.net/post/ubiahn,0
https://lfcedz.org/about,0
https://www.smebmh.edu/courses,0
http://xwgzwn.free-update.xyz/account/confirm,1
http://fnwivp-login.com/verify?user=ioxgnw&token=rttfng,1
https://www.hlvyld.edu/courses,0
https://shop.veyape.co.uk/products,0
https://blog.tywfsv.net/post/riwulc,0
http://192.168.mgqqdb.sctoun/paypal/signin,1
https://blog.enfmwk.net/post/xbhnay,0
http://192.168.wesyyu.idfdrh/paypal/signin,1
http://ubhepa.free-update.xyz/account/confirm,1
https://www.mtztpd.edu/courses,0
http://www.redijo.com.kodyfu.ru/signin,1
https://www.vpwbij.com/,0
http://192.168.vwilvv.qxuejp/paypal/signin,1
https://shop.olokct.co.uk/products,0
http://nuubob.free-update.xyz/account/confirm,1
http://fdpwxd-alert.info/winner/claim?prize=xsecjx,1
https://blog.alxvxr.net/post/aadikl,0
http://hccxhe-alert.info/winner/claim?prize=kvckev,1
https://zvbjda.org/about,0
https://blog.dqjjlt.net/post/aftwrw,0
https://shop.zwkgbu.co.uk/products,0
https://shop.gpkqnf.co.uk/products,0
http://192.168.oidgte.csjlty/paypal/signin,1
http://www.vopvxh.com.qzeftf.ru/signin,1
http://prsxfi.free-update.xyz/account/confirm,1
https://qqhior.org/about,0
https://blog.vamylj.net/post/fxqlfb,0
http://secure-cvpdgy-login.tk/update?id=zftyqe,1
http://lwcdkt-alert.info/winner/claim?prize=efulap,1
http://www.fnmywc.com.hpxfhk.ru/signin,1
http://pgcehw-alert.info/winner/claim?prize=fcypdw,1
http://faflru-login.com/verify?user=gocwdk&token=bsthlc,1
http://192.168.rujajy.vjavxp/paypal/signin,1
https://shop.tagiaj.co.uk/products,0
http://www.jlzfci.com.juioac.ru/signin,1
http://rvxhru-login.com/verify?user=riipjl&token=gejsgx,1
http://zwedwc-login.com/verify?user=deuzxo&token=lwbldo,1
https://shop.phtgjq.co.uk/products,0
http://xiuzka.free-update.xyz/account/confirm,1
http://192.168.ytnrhk.vdcepi/paypal/signin,1
https://maabbg.org/about,0
https://nchlhz.org/about,0
http://zdahkt-alert.info/winner/claim?prize=vbnink,1
https://shop.fofhte.co.uk/products,0
http://xpbaqv-login.com/verify?user=uqlovu&token=hvgwpv,1
http://192.168.sjxvrn.hnqfct/paypal/signin,1
http://xqiint-alert.info/winner/claim?prize=fzricg,1
http://192.168.zzdeyr.bdutyf/paypal/signin,1
http://dhxqyn-login.com/verify?user=vadckl&token=uhexoo,1
https://jsfzfv.org/about,0
http://tdrkcw.free-update.xyz/account/confirm,1
http://ekldbj-login.com/verify?user=fxwojw&token=tpmxuv,1
https://www.nnieql.edu/courses,0
http://secure-ailyuo-login.tk/update?id=eeopqz,1
http://wolphf-login.com/verify?user=kezkdp&token=cqtkyz,1
http://secure-iqfiot-login.tk/update?id=pkeole,1
http://wmqbov-login.com/verify?user=smdxrd&token=rehmjn,1
https://shop.eljvni.co.uk/products,0
https://ziojbi.org/about,0
https://shop.pybtmb.co.uk/products,0
https://blog.ygavxe.net/post/ueromi,0
https://www.vvkvoa.edu/courses,0
http://secure-rryihu-login.tk/update?id=jssjri,1
http://fshwzg-login.com/verify?user=vspfhw&token=eghhqj,1
http://secure-lwcbxf-login.tk/update?id=ytcopk,1
https://jabqqw.org/about,0
https://blog.hokgcx.net/post/wpmuqs,0
https://www.axaasb.edu/courses,0
https://xgietp.org/about,0
http://xzerut-login.com/verify?user=ccpzoq&token=palelv,1
https://uqflhg.org/about,0
http://www.ffnvwj.com.udmyqz.ru/signin,1
https://shop.apkplc.co.uk/products,0
http://192.168.gezjzi.grgyqe/paypal/signin,1
https://blog.kdimjn.net/post/hjamim,0
https://blog.mxchkc.net/post/drjved,0
http://ndyjsh-alert.info/winner/claim?prize=byxeoe,1
https://www.uwrlos.edu/courses,0
https://dteuzy.org/about,0
https://www.qdrzhw.edu/courses,0
http://dunxci-login.com/verify?user=fvehhj&token=pdeynk,1
http://192.168.pnfhsw.ydowov/paypal/signin,1
http://nwwple.free-update.xyz/account/confirm,1
https://soidln.org/about,0
http://www.dxiggk.com.gunyio.ru/signin,1
https://www.fnvhgd.edu/courses,0
https://www.wtgzwl.edu/courses,0
http://192.168.ljygmy.hyudwz/paypal/signin,1
https://isgjpp.org/about,0
https://blog.buncfp.net/post/dzther,0
http://aqyeqw-alert.info/winner/claim?prize=clenaj,1
https://www.vlikwn.com/,0
https://shop.fyqjjm.co.uk/products,0
http://secure-jxronz-login.tk/update?id=bnqtgh,1
https://www.ozzmoh.com/,0
http://secure-qfhttx-login.tk/update?id=riulbd,1
https://www.fmzmbz.edu/courses,0
http://192.168.bugpup.lzcivm/paypal/signin,1
https://shop.cdmmvl.co.uk/products,0
https://www.mafztt.edu/courses,0
https://www.gzbsnf.com/,0
https://shop.teosvy.co.uk/products,0
https://blog.dqabrj.net/post/phnylr,0
https://www.ipwrbx.edu/courses,0
https://www.ihkxgn.edu/courses,0
http://192.168.wzzphs.dyxcow/paypal/signin,1
https://www.mpynlo.com/,0
https://blog.wtxnua.net/post/wcxcjy,0
https://blog.bgddkr.net/post/pspnnc,0
https://blog.dhbjjp.net/post/qhwods,0
https://shop.oxjgxy.co.uk/products,0
http://qnujav-login.com/verify?user=claayn&token=yvxebo,1
https://qexekf.org/about,0
http://abxttl.free-update.xyz/account/confirm,1
http://secure-ligoai-login.tk/update?id=tmmpkf,1
https://www.ylepki.com/,0
http://vorfcm-alert.info/winner/claim?prize=gjkyoa,1
https://blog.fnvgfp.net/post/hjdnmh,0
https://blog.yxldcl.net/post/xrsgpk,0
http://secure-dmesci-login.tk/update?id=hpnoju,1
http://192.168.xnuzzq.cvljww/paypal/signin,1
https://www.paxjeq.com/,0
http://tyitul-login.com/verify?user=fytvwb&token=qmphoi,1
http://bqaxtx-alert.info/winner/claim?prize=lfsqnt,1
https://www.acxxjg.edu/courses,0
http://secure-vjkyfy-login.tk/update?id=spbyil,1
http://secure-xnykyc-login.tk/update?id=zpzjiu,1
https://blog.jmthqa.net/post/txhbeq,0
http://wyrchs-login.com/verify?user=cienon&token=enmbzh,1
http://www.fbwzpx.com.vqmgct.ru/signin,1
https://shop.nqwiga.co.uk/products,0
https://hshkfj.org/about,0
http://dtsphq.free-update.xyz/account/confirm,1
http://www.yycyoc.com.apkrkw.ru/signin,1
https://shop.ogacnh.co.uk/products,0
https://shop.lnxxmr.co.uk/products,0
https://www.ubiaoq.com/,0
http://www.bxzdvv.com.eagnbo.ru/signin,1
https://kiscxe.org/about,0
http://www.ovgszw.com.sewxif.ru/signin,1
http://www.krisnm.com.edkojy.ru/signin,1
http://jyyjqd-login.com/verify?user=qftujo&token=wqpvwd,1
https://nmklem.org/about,0
https://www.hgadot.com/,0
http://secure-edayeb-login.tk/update?id=kbdkvt,1
http://rbqvhg-alert.info/winner/claim?prize=wvbrfe,1
http://192.168.awdzja.coxqxe/paypal/signin,1
http://192.168.jlqzwq.pgmsqx/paypal/signin,1
http://www.qzmyhn.com.lzmgxw.ru/signin,1
https://blog.pvmrth.net/post/btgxbv,0
https://shop.ffnobo.co.uk/products,0
http://secure-cdbbgc-login.tk/update?id=xiiryk,1
http://vyosru.free-update.xyz/account/confirm,1
http://qrshwm-login.com/verify?user=bkrzqz&token=isxavd,1
http://www.doubpl.com.qnqefo.ru/signin,1
https://xhinda.org/about,0
http://itcarv-alert.info/winner/claim?prize=wlmaut,1
https://www.svixyy.edu/courses,0
http://xhngjx-login.com/verify?user=ujapdd&token=pdwudv,1
http://secure-enlimo-login.tk/update?id=tnynca,1
http://miyrgz.free-update.xyz/account/confirm,1
https://www.juedea.edu/courses,0
https://falvof.org/about,0
http://192.168.pxhvgq.ebncxk/paypal/signin,1
https://dvzcfw.org/about,0
http://harjkt.free-update.xyz/account/confirm,1
https://bbbhdv.org/about,0
https://www.adkmhk.com/,0
https://www.zyxgjl.com/,0
https://blog.qrbcxr.net/post/uloflh,0
http://pymojj-alert.info/winner/claim?prize=wuaico,1
https://shop.ufhymq.co.uk/products,0
http://www.qbsxpy.com.pwafni.ru/signin,1
https://shop.tokyuk.co.uk/products,0
http://www.mzubvc.com.bghdmg.ru/signin,1
http://yuckth-alert.info/winner/claim?prize=nbhkno,1
https://axzyqy.org/about,0
http://secure-edazgl-login.tk/update?id=izjcxg,1
http://mrbdtv.free-update.xyz/account/confirm,1
https://blog.oezvrp.net/post/mktbjv,0
https://shop.ggqevg.co.uk/products,0
http://kdnwtb.free-update.xyz/account/confirm,1
https://hcuqjl.org/about,0
http://oybxoi-login.com/verify?user=zxocpd&token=poseex,1
http://192.168.xiqgst.zukzcf/paypal/signin,1
https://zcqitf.org/about,0
https://blog.dbjvfy.net/post/xpsjmn,0
http://secure-klvszw-login.tk/update?id=smtyll,1
https://mvinnd.org/about,0
https://lsnfqm.org/about,0
http://www.sctaal.com.ivwral.ru/signin,1
http://dgqqul-login.com/verify?user=fdzcug&token=ghipzy,1
https://shop.ezwcdx.co.uk/products,0
http://nrojlr.free-update.xyz/account/confirm,1
https://shop.hruvmf.co.uk/products,0
http://fzzqsp-alert.info/winner/claim?prize=sttjoi,1
http://www.keooxr.com.rlaoql.ru/signin,1
https://sflggk.org/about,0
http://secure-uujbek-login.tk/update?id=nzbgsy,1
http://cpypqy-login.com/verify?user=vczjdd&token=lbhbbj,1
http://www.gbadso.com.jdfwng.ru/signin,1
https://shop.mwicxl.co.uk/products,0
http://zeffph-login.com/verify?user=dndmia&token=jjihin,1
https://www.ccxrly.edu/courses,0
http://secure-vbfcrl-login.tk/update?id=wirtkk,1
http://www.enovri.com.epkctx.ru/signin,1
https://www.rvaflv.com/,0
https://lwvsac.org/about,0
http://lcpnzu-alert.info/winner/claim?prize=uksopi,1
http://secure-jaohno-login.tk/update?id=yxyphq,1
http://hqscxm-login.com/verify?user=widjlc&token=glcioj,1
http://secure-exflor-login.tk/update?id=bewalb,1
https://gyktto.org/about,0
https://ofsspd.org/about,0
https://shop.lgjstg.co.uk/products,0
http://192.168.gzelnu.islstu/paypal/signin,1
https://www.mhwqfe.com/,0
https://www.gieuuo.com/,0
http://www.xfkqvi.com.azqvlm.ru/signin,1
http://eozorc.free-update.xyz/account/confirm,1
http://yzkzrb-alert.info/winner/claim?prize=zvmadw,1
https://www.xxcikj.edu/courses,0
http://wzoogx-alert.info/winner/claim?prize=pdtqfv,1
https://blog.njqagj.net/post/frxvjo,0
http://www.tqwjvy.com.qhoach.ru/signin,1
https://www.ystjnq.com/,0
https://blog.klnree.net/post/npoapf,0
http://xgtaiz.free-update.xyz/account/confirm,1
http://192.168.mxdkva.tcrlwl/paypal/signin,1
https://www.aonbsu.com/,0
https://www.gcnarn.edu/courses,0
https://dqbwrw.org/about,0
https://blog.ktnvsr.net/post/ncrpdp,0
http://192.168.aytwgn.lazvha/paypal/signin,1
https://blog.gobddr.net/post/akflan,0
https://blog.ojpjmt.net/post/cumcal,0
https://www.zjsmlo.com/,0
http://syxeic.free-update.xyz/account/confirm,1
https://www.kxtrsm.com/,0
http://fhkzri-login.com/verify?user=sdjuau&token=wspqqp,1
https://blog.drhmov.net/post/vvcdep,0
https://rkvbfx.org/about,0
https://www.xhbhnl.com/,0
http://secure-ntjwtg-login.tk/update?id=cuosdm,1
http://hovtzy.free-update.xyz/account/confirm,1
http://192.168.brscma.brirrn/paypal/signin,1
https://www.qykqhs.com/,0
http://jkkfnh-login.com/verify?user=dsxgkh&token=uyqvty,1
https://shop.tqqhds.co.uk/products,0
https://www.wcdmmu.edu/courses,0
https://shop.vfksum.co.uk/products,0
https://www.nasqic.com/,0
https://www.pfzxyy.edu/courses,0
http://secure-ogsedd-login.tk/update?id=wwgpob,1
http://192.168.dqzebb.eytutw/paypal/signin,1
https://xpblnn.org/about,0
http://tvftyu-alert.info/winner/claim?prize=yyihbu,1
http://www.pbitun.com.gbsbys.ru/signin,1
https://www.xukdmx.com/,0
http://192.168.qwrswb.gofayf/paypal/signin,1
http://secure-kqarew-login.tk/update?id=ivqumg,1
http://ugxdrn.free-update.xyz/account/confirm,1
https://www.xcvswb.edu/courses,0
http://secure-dsritu-login.tk/update?id=pdrgdh,1
https://blog.facxnq.net/post/bqgdto,0
http://192.168.vfqucp.deysey/paypal/signin,1
https://blog.wzlewm.net/post/cnguyw,0
http://www.kemthj.com.muspqh.ru/signin,1
http://192.168.igmcys.fphmex/paypal/signin,1
https://fbjnnp.org/about,0
https://shop.ombxoo.co.uk/products,0
http://kieaqc-login.com/verify?user=teghjr&token=uavzzh,1
https://shop.cgbldr.co.uk/products,0
http://secure-lelapp-login.tk/update?id=ywqloc,1
https://shop.eeghkn.co.uk/products,0
http://necppo-login.com/verify?user=qmrroi&token=gbcavq,1
https://shop.qnthpl.co.uk/products,0
http://www.gnbmpf.com.ylziuw.ru/signin,1
https://shop.rqanju.co.uk/products,0
https://blog.hjqadb.net/post/aczcmv,0
https://www.zfrrdh.com/,0
http://www.uyxqug.com.asxlhy.ru/signin,1
https://shop.gpmiou.co.uk/products,0
https://shop.snnqdl.co.uk/products,0
http://192.168.iidogr.ovlbow/paypal/signin,1
http://yhdqoi.free-update.xyz/account/confirm,1
https://fbpnos.org/about,0
http://unixgi-alert.info/winner/claim?prize=zbrfui,1
http://www.zcspfp.com.mvljjm.ru/signin,1
http://gcqwus-login.com/verify?user=gnvnfx&token=btutsh,1
https://shop.pmiffz.co.uk/products,0
https://www.cgqoqr.edu/courses,0
https://shop.asjayt.co.uk/products,0
https://blog.cdkqom.net/post/xlixne,0
http://gdmmnh.free-update.xyz/account/confirm,1
http://192.168.cpbxws.vltcsl/paypal/signin,1
http://csvivy-login.com/verify?user=eadgzh&token=gkiqgq,1
http://192.168.kccaqu.iwmqni/paypal/signin,1
http://192.168.xxipmq.nkixxj/paypal/signin,1
https://blog.cnciuv.net/post/yuuunk,0
https://blog.oiurvv.net/post/vozvlc,0
http://polqtn-alert.info/winner/claim?prize=gtfzzy,1
https://www.qqhugb.com/,0
https://www.jkreoo.com/,0
https://blog.atqvtt.net/post/eblvnc,0
https://www.aowrky.com/,0
http://djniip-login.com/verify?user=ukfujg&token=lzznxn,1
http://192.168.swljeb.frpeof/paypal/signin,1
https://www.qzfhnv.com/,0
https://jxzolh.org/about,0
https://www.fmhmlc.com/,0
http://fuhvkn-login.com/verify?user=vkhgvv&token=jyzktu,1
http://rmyyum-login.com/verify?user=armocf&token=gomeui,1
https://lfvpnw.org/about,0
https://www.kzgwjs.edu/courses,0
http://secure-ovibgx-login.tk/update?id=gpdbfa,1
https://shop.ctnvja.co.uk/products,0
https://www.mugpjj.edu/courses,0
http://secure-faihjy-login.tk/update?id=arblnn,1
https://www.jfikmu.edu/courses,0
https://shop.kxemxv.co.uk/products,0
http://ovsivb-alert.info/winner/claim?prize=bihtdu,1
http://192.168.qjtidq.lkpgfw/paypal/signin,1
https://www.jedrtb.com/,0
http://ygebeq-login.com/verify?user=ebjpxs&token=jtdbqf,1
https://www.cgjdlx.com/,0
http://192.168.ldgarr.pgnqiu/paypal/signin,1
https://zmzdni.org/about,0
http://secure-jbalft-login.tk/update?id=awurto,1
http://jsspdy.free-update.xyz/account/confirm,1
https://blog.tsdimu.net/post/fcxlwh,0
http://www.xlwcwj.com.gglwfh.ru/signin,1
http://www.ommavv.com.jfzzan.ru/signin,1
http://iqlipy.free-update.xyz/account/confirm,1
https://www.jggruk.com/,0
https://ussqlf.org/about,0
http://tftkly-login.com/verify?user=ntjikz&token=immljj,1
https://sukwgt.org/about,0
http://192.168.vqbwbx.cbcvxz/paypal/signin,1
https://blog.bfskkg.net/post/ldgilo,0
http://secure-hvoeia-login.tk/update?id=etbfxk,1
https://www.tzmltq.edu/courses,0
https://zgamki.org/about,0
https://wqcskb.org/about,0
https://www.twiqfk.edu/courses,0
http://kqvrgk-login.com/verify?user=yccpzl&token=wnxfav,1
https://blog.yjfcst.net/post/zwceeu,0
http://secure-wcrwlz-login.tk/update?id=kazjby,1
http://nfnajv-login.com/verify?user=zfsxbw&token=ffkjpw,1
https://www.sikdtj.edu/courses,0
https://blog.xxowyq.net/post/nocanj,0
https://www.maqaoe.edu/courses,0
http://www.odsxwt.com.uyuiif.ru/signin,1
https://blog.taqgnd.net/post/vfdzxs,0
http://192.168.bfslcz.tjtxma/paypal/signin,1
http://secure-xgmfps-login.tk/update?id=dpjhng,1
http://secure-tmksrx-login.tk/update?id=cmbqhu,1
https://azuciz.org/about,0
http://www.hcnwkb.com.dpvtdx.ru/signin,1
https://www.yhaiyu.edu/courses,0
https://blog.hknnwv.net/post/ieogcv,0
https://upogtu.org/about,0
https://www.xnzjhm.com/,0
http://ogukxy.free-update.xyz/account/confirm,1
https://blog.spefwb.net/post/zhzoav,0
http://cdllqm.free-update.xyz/account/confirm,1
http://fbineo-alert.info/winner/claim?prize=vzkrzj,1
https://www.ygiprk.com/,0
https://shop.qzzuhg.co.uk/products,0
https://www.xtzqoo.edu/courses,0
http://www.ytzofp.com.igdnki.ru/signin,1
http://secure-ajgavw-login.tk/update?id=nqaego,1
https://shop.sscowz.co.uk/products,0
http://czbcxz-alert.info/winner/claim?prize=anbvkn,1
http://www.rznrcg.com.buaauo.ru/signin,1
https://blog.tabojg.net/post/wflhnj,0
http://gpqixh-login.com/verify?user=eyeany&token=pxqzfi,1
https://www.okhisf.com/,0
https://shop.mtxmpe.co.uk/products,0
http://rnjfdt-alert.info/winner/claim?prize=hysntv,1
https://shop.bywsnc.co.uk/products,0
http://secure-kqlonh-login.tk/update?id=wnwxhd,1
http://secure-wwvjki-login.tk/update?id=hzeter,1
http://www.gzqcwc.com.oyqwoj.ru/signin,1
http://thletl.free-update.xyz/account/confirm,1
https://www.glyyvv.edu/courses,0
https://www.xqkchy.edu/courses,0
http://www.hrafmq.com.zfccra.ru/signin,1
http://jytkvz-alert.info/winner/claim?prize=msphfb,1
http://xgdwsf.free-update.xyz/account/confirm,1
https://www.kcfihe.edu/courses,0
http://www.qxkags.com.kmnhfy.ru/signin,1
http://192.168.xyatuk.sbaxgb/paypal/signin,1
https://shop.itefgb.co.uk/products,0
https://www.kluygf.com/,0
https://qhteip.org/about,0
http://qssbfp-login.com/verify?user=qenjzx&token=sdfkic,1
http://192.168.sqjdqi.csrhnv/paypal/signin,1
https://www.uysyad.com/,0
https://zltcrz.org/about,0
http://192.168.igxyur.aqozud/paypal/signin,1
http://www.ifrcnb.com.oxnvhv.ru/signin,1
https://blog.nfnmpb.net/post/pndhmc,0
http://avvjjo.free-update.xyz/account/confirm,1
https://blog.wxyoqe.net/post/goddvi,0
https://www.xmfmwz.edu/courses,0
http://esjyuo-login.com/verify?user=qiycyi&token=tpmqta,1
http://192.168.vjyqgc.ultyic/paypal/signin,1
http://zhntab.free-update.xyz/account/confirm,1
https://www.veqvme.com/,0
https://blog.rphher.net/post/rfqxxc,0
https://tdkkbs.org/about,0
http://jyoebu-login.com/verify?user=ojsudc&token=iwjezo,1
http://www.ywbfzv.com.gcpvol.ru/signin,1
http://ypmjiv-login.com/verify?user=xnzwtp&token=erhvtz,1
https://blog.mpycnt.net/post/jtrtmf,0
http://rgbgiz.free-update.xyz/account/confirm,1
http://cglpza-login.com/verify?user=zijbvn&token=nhrlbw,1
https://www.nwvsqy.edu/courses,0
https://www.cmvwfl.edu/courses,0
http://secure-tlbzfu-login.tk/update?id=vncflm,1
https://xkhzkv.org/about,0
http://192.168.voehvy.djgbir/paypal/signin,1
http://secure-igqwtz-login.tk/update?id=fkrfbz,1
http://gsbglv.free-update.xyz/account/confirm,1
http://www.aheabs.com.wbcjho.ru/signin,1
https://shop.ukznck.co.uk/products,0
https://vammlt.org/about,0
https://www.ayvxbl.com/,0
https://shop.juwewy.co.uk/products,0
https://blog.twzuyp.net/post/qtezxa,0
https://shop.tfzknu.co.uk/products,0
https://shop.hnbjcn.co.uk/products,0
http://www.rgbzig.com.jcetwj.ru/signin,1
https://blog.wmpyee.net/post/xeltuq,0
https://shop.vlbefw.co.uk/products,0
https://www.yqunpn.com/,0
http://letaau-alert.info/winner/claim?prize=ulfgvi,1
http://www.eydaxs.com.txijmk.ru/signin,1
https://xzpcvr.org/about,0
https://shop.iivahg.co.uk/products,0
https://www.hudfsi.com/,0
http://192.168.pqvaxc.dihtvh/paypal/signin,1
http://secure-xnnnbd-login.tk/update?id=mqdhnj,1
http://192.168.pvzmlw.jqxqoh/paypal/signin,1
https://www.xgqjei.com/,0
http://secure-mrbqpz-login.tk/update?id=mvvkba,1
http://www.zamstm.com.ognfzg.ru/signin,1
http://plmlxa-login.com/verify?user=eagiwf&token=tnfvrh,1
https://uqcihp.org/about,0
http://tsludj-alert.info/winner/claim?prize=nubdwa,1
https://ppopom.org/about,0
http://secure-pfrtyx-login.tk/update?id=ykycbb,1
http://www.gmsuep.com.jetlbl.ru/signin,1
http://secure-vcxwax-login.tk/update?id=jcavbu,1
https://www.hcazvv.edu/courses,0
https://www.cnuyor.edu/courses,0
http://tzxaqs-alert.info/winner/claim?prize=lbuowe,1
https://blog.egivoa.net/post/yjnltz,0
http://www.tstyau.com.cwmgyt.ru/signin,1
http://savxkt-alert.info/winner/claim?prize=kemmjd,1
https://www.ubyzrs.com/,0
https://www.ygqbku.edu/courses,0
http://eeliwn-login.com/verify?user=qdllua&token=evuvrb,1
https://shop.rvgrzs.co.uk/products,0
http://www.awxfph.com.fxjxqn.ru/signin,1
https://blog.rmmspy.net/post/qrqzos,0
http://uhegig-alert.info/winner/claim?prize=vdiivf,1
https://cwmiiw.org/about,0
https://shop.dbftfa.co.uk/products,0
https://ogpqwq.org/about,0
http://bjklcr-login.com/verify?user=jxygvh&token=mfsnov,1
https://www.iynuri.com/,0
http://192.168.lrmchh.hmehdu/paypal/signin,1
https://vwvcxm.org/about,0
https://shop.kerbvw.co.uk/products,0
http://wvsgfc-login.com/verify?user=nqmfim&token=tolebx,1
https://www.fjhodp.edu/courses,0
http://pstyck.free-update.xyz/account/confirm,1
http://secure-dbzryn-login.tk/update?id=xwkpqa,1
http://192.168.plblmb.xqftbu/paypal/signin,1
http://zuzhww-alert.info/winner/claim?prize=evrqmr,1
http://cagnul-alert.info/winner/claim?prize=irkthr,1
http://192.168.dffddc.yfaqtk/paypal/signin,1
http://secure-lfrjkm-login.tk/update?id=lndacr,1
http://lnwwum-login.com/verify?user=eoxngg&token=sxqifb,1
http://hcivzq-alert.info/winner/claim?prize=ladvtw,1
https://hhkfvl.org/about,0
http://tnvsop.free-update.xyz/account/confirm,1
https://blog.cllvaj.net/post/fsubcg,0
https://www.ctslax.com/,0
http://www.litfno.com.kukdve.ru/signin,1
http://www.qmhfqh.com.sfabta.ru/signin,1
http://secure-fvxnoe-login.tk/update?id=ocsium,1
http://fmbxqu-login.com/verify?user=szzmbh&token=phcaps,1
https://blog.luhtmq.net/post/rnjfxj,0
https://www.trrkvx.com/,0
http://www.kfkxsn.com.guodsr.ru/signin,1
https://www.fxqykj.com/,0
https://zbakix.org/about,0
http://ujvtgc-login.com/verify?user=xvtosd&token=tasymp,1
https://www.wzesll.com/,0
http://secure-goshmf-login.tk/update?id=qglbyt,1
https://www.wwaazd.com/,0
http://awvlqz-login.com/verify?user=ecesnn&token=swxldk,1
http://ltlfiu.free-update.xyz/account/confirm,1
http://cikojy.free-update.xyz/account/confirm,1
http://uyvtro-alert.info/winner/claim?prize=ycrohc,1
http://www.czdymq.com.wjncrf.ru/signin,1
http://www.zuebud.com.rlxkzi.ru/signin,1
http://192.168.jrioft.fjpvvz/paypal/signin,1
https://shop.ogjbqr.co.uk/products,0
http://www.xyvjxc.com.bycttt.ru/signin,1
http://imxlxc.free-update.xyz/account/confirm,1
http://192.168.ywkcoh.hdxkwb/paypal/signin,1
http://secure-enowqz-login.tk/update?id=ohrtki,1
https://www.ldpkeh.edu/courses,0
http://qeulzc-alert.info/winner/claim?prize=fnjpem,1
https://blog.nqpobx.net/post/jtcmhx,0
http://www.kgdrib.com.iyzzkn.ru/signin,1
http://hkdtli.free-update.xyz/account/confirm,1
http://www.xemlyd.com.eyjech.ru/signin,1
https://shop.zzfohd.co.uk/products,0
http://secure-kahorm-login.tk/update?id=zfexin,1
http://secure-reygqc-login.tk/update?id=mlpsnc,1
https://www.xvkdrz.edu/courses,0
https://shop.dbnvej.co.uk/products,0
https://blog.ehjgqy.net/post/myvdat,0
https://www.ykepsl.com/,0
http://192.168.jfbdzs.zpiryp/paypal/signin,1
https://blog.xawcip.net/post/mkpbdz,0
https://blog.hjxlxr.net/post/znarqz,0
https://shop.mxaesn.co.uk/products,0
http://www.prunqr.com.lyhqdu.ru/signin,1
http://pnbncj.free-update.xyz/account/confirm,1
https://blog.crozin.net/post/ioinlu,0
https://www.ozofxa.edu/courses,0
https://blog.fpxwub.net/post/anqxtr,0
https://shop.fbniyh.co.uk/products,0
http://www.kaeiec.com.ebuipb.ru/signin,1
https://www.jwzela.com/,0
https://shop.uubstz.co.uk/products,0
http://secure-pjsdcd-login.tk/update?id=garsfc,1
https://www.pkcndh.com/,0
https://shop.umzfrk.co.uk/products,0
https://blog.jdzfxb.net/post/mavxtr,0
https://www.gdnemb.edu/courses,0
http://bwaega-alert.info/winner/claim?prize=sndqoz,1
https://shop.tebcys.co.uk/products,0
https://blog.zijpjf.net/post/xxozdo,0
https://www.gtpbzg.edu/courses,0
https://www.srnhzx.com/,0
https://www.naifvl.com/,0
http://bapmbd.free-update.xyz/account/confirm,1
https://www.svlnrm.edu/courses,0
https://shop.sikizn.co.uk/products,0
http://mfdfoe.free-update.xyz/account/confirm,1
https://shop.optqad.co.uk/products,0
http://dbxazu-alert.info/winner/claim?prize=eqjkod,1
https://www.xbmmix.edu/courses,0
https://www.zkoysv.com/,0
https://www.auxahm.com/,0
https://blog.jhzxxi.net/post/edlbtu,0
https://yfxlpz.org/about,0
https://blog.ytpmgq.net/post/guenpt,0
http://www.gkqilf.com.ycjscw.ru/signin,1
https://www.wcpefm.edu/courses,0
http://192.168.ddfrcf.wzzact/paypal/signin,1
https://www.ynbccs.edu/courses,0
https://www.fujmpw.com/,0
http://192.168.otnqef.xnftqm/paypal/signin,1
https://fiyvet.org/about,0
https://www.emkphi.edu/courses,0
http://juayum-alert.info/winner/claim?prize=itwmsj,1
https://www.fraday.com/,0
http://192.168.pabyfg.mhvvhy/paypal/signin,1
http://mmnubx-login.com/verify?user=qsjmzz&token=yuygml,1
https://www.mmmnks.com/,0
http://jjtnin.free-update.xyz/account/confirm,1
https://ejntki.org/about,0
https://www.gocydj.com/,0
https://www.mvkftr.edu/courses,0
https://shop.ieoaxb.co.uk/products,0
https://www.jvleab.edu/courses,0
https://www.eayohz.com/,0
https://blog.jowbjo.net/post/yqijdy,0
https://www.htvsrt.com/,0
https://www.escejr.edu/courses,0
https://www.sujicy.edu/courses,0
http://secure-wwagek-login.tk/update?id=mscffk,1
http://www.hxcmbx.com.ekpczi.ru/signin,1
https://blog.isjbcq.net/post/tbulcf,0
https://blog.hibqou.net/post/syungh,0
http://axbztd.free-update.xyz/account/confirm,1
https://blog.qxtkhl.net/post/lazdyr,0
http://192.168.ibpchi.hlwjpw/paypal/signin,1
https://vfwzcz.org/about,0
https://blog.liiujh.net/post/sbfjsp,0
https://www.foxkbf.edu/courses,0
http://twoezy.free-update.xyz/account/confirm,1
https://blog.aixqku.net/post/rkhgch,0
https://blog.pzpyml.net/post/ekjcrz,0
http://kqzunn-alert.info/winner/claim?prize=mtfyeu,1
http://amxrmd-alert.info/winner/claim?prize=bqlgqp,1
https://www.swqchi.edu/courses,0
http://hacqeg.free-update.xyz/account/confirm,1
http://secure-wxzvmn-login.tk/update?id=ijqhfn,1
https://shop.ntfrex.co.uk/products,0
https://blog.esgaqn.net/post/jnxquv,0
http://liypmj-login.com/verify?user=cqwoxs&token=rsxmqu,1
http://lwsuwu.free-update.xyz/account/confirm,1
http://www.eevuci.com.avfztx.ru/signin,1
http://zasfzq-login.com/verify?user=hegfyi&token=utkklx,1
http://www.vwvvtd.com.yyzmpl.ru/signin,1
https://www.dvgmsx.com/,0
http://wzzsis.free-update.xyz/account/confirm,1
https://shop.eqyfyi.co.uk/products,0
https://ttjxav.org/about,0
http://192.168.pkukvb.iqroxw/paypal/signin,1
http://secure-gxcgqy-login.tk/update?id=pyqukd,1
http://secure-kfsfof-login.tk/update?id=xxshio,1
http://awlocu-alert.info/winner/claim?prize=djossg,1
http://julwbw-alert.info/winner/claim?prize=mcqqhm,1
https://blog.tpcnst.net/post/rypfya,0
https://shop.ikucsw.co.uk/products,0
https://www.kcagak.com/,0
https://ploxgz.org/about,0
https://www.objjqf.com/,0
https://www.jpgaih.edu/courses,0
https://www.rtixku.com/,0
https://www.eufjqp.edu/courses,0
https://www.vhojbm.edu/courses,0
http://secure-sgybvw-login.tk/update?id=untdlg,1
https://www.eupgbw.edu/courses,0
https://blog.vpsxfh.net/post/eeuwtl,0
http://xvchml-alert.info/winner/claim?prize=bmdsek,1
https://www.ffgzsl.com/,0
http://www.nxgzwt.com.vblfiv.ru/signin,1
http://otnjzn-alert.info/winner/claim?prize=efassm,1
http://www.cgpxfu.com.dhlubj.ru/signin,1
https://shop.bnzycr.co.uk/products,0
https://www.lwvern.com/,0
https://www.bjspdh.edu/courses,0
http://wryxqi-alert.info/winner/claim?prize=gcurbw,1
http://vspfbb-alert.info/winner/claim?prize=jiihhl,1
https://www.wnekbu.edu/courses,0
https://orstjk.org/about,0
http://apradw.free-update.xyz/account/confirm,1
https://koztun.org/about,0
http://pbfqmu.free-update.xyz/account/confirm,1
https://www.blmptw.edu/courses,0
https://blog.jktfky.net/post/lvxnxk,0
https://blog.awaele.net/post/fkwdzp,0
https://blog.qsxukr.net/post/vqomwj,0
http://msucto-login.com/verify?user=btmqvm&token=zetuli,1
https://shop.nrrifj.co.uk/products,0
http://yuuusr-login.com/verify?user=nybcac&token=wabcbv,1
http://knuyhp-alert.info/winner/claim?prize=yvxoix,1
http://ezblvq-login.com/verify?user=hnysxw&token=supzuj,1
http://192.168.axdsan.ipcfxx/paypal/signin,1
https://shop.npipmr.co.uk/products,0
http://waqcpg-login.com/verify?user=qrrmnf&token=fiqlth,1
http://secure-tfzqtw-login.tk/update?id=weglby,1
http://secure-wgozmt-login.tk/update?id=zykaqt,1
https://www.fdzxtt.edu/courses,0
https://blog.ogffpx.net/post/vusjax,0
https://blog.knvtgl.net/post/wlxoxl,0
https://blog.anormu.net/post/idtgzt,0
http://www.fbibwd.com.eycuns.ru/signin,1
https://blog.fskkyc.net/post/iowmlx,0
https://blog.fzphnq.net/post/mmjath,0
http://www.vljzii.com.zlfuyz.ru/signin,1
http://rlshtr-alert.info/winner/claim?prize=ijpoxc,1
https://shop.kblbnh.co.uk/products,0
https://blog.mkirgd.net/post/ggzwkx,0
https://blog.alhcbh.net/post/qjlarh,0
http://secure-kahltc-login.tk/update?id=pjxdgx,1
https://www.intavh.edu/courses,0
https://www.hxgcov.com/,0
https://www.censxa.com/,0
https://jegmqr.org/about,0
http://qkbrcj.free-update.xyz/account/confirm,1
https://shop.oacbpr.co.uk/products,0
http://bemyma.free-update.xyz/account/confirm,1
https://shop.bjvrri.co.uk/products,0
https://shop.cjtimv.co.uk/products,0
http://192.168.euqhsm.wpryft/paypal/signin,1
http://bffeaj-alert.info/winner/claim?prize=ptapos,1
http://www.wriigh.com.vdaihj.ru/signin,1
http://xwqvkn-login.com/verify?user=pkajnl&token=zhqvew,1
http://gykkga-login.com/verify?user=cccvxm&token=mcoaby,1
https://blog.mwppya.net/post/ltkklv,0
http://obukjb-alert.info/winner/claim?prize=cursxd,1
http://jrnnwm-alert.info/winner/claim?prize=jrrzfd,1
http://secure-fkgmbw-login.tk/update?id=gaquhk,1
http://secure-aypdww-login.tk/update?id=dfsskn,1
http://192.168.awizvs.cprrxc/paypal/signin,1
http://rorquw.free-update.xyz/account/confirm,1
https://www.qgfgki.com/,0
http://192.168.catopf.xvdudw/paypal/signin,1
https://www.vounuj.com/,0
http://www.vakyxm.com.lexkzm.ru/signin,1
http://secure-hqkmqs-login.tk/update?id=zoawla,1
http://lbwbgk-login.com/verify?user=xllrsr&token=buyjaj,1
http://niwozc-login.com/verify?user=ipudrc&token=jhvayr,1
http://192.168.qtpnpz.cbikik/paypal/signin,1
http://eczodf-alert.info/winner/claim?prize=bsgusy,1
https://www.fufsdn.edu/courses,0
https://www.wtrlkc.edu/courses,0
https://blog.yksoxb.net/post/glwjdd,0
https://www.mghdxr.com/,0
http://192.168.idkugo.nelock/paypal/signin,1
https://www.fcaxfh.edu/courses,0
https://oqiecx.org/about,0
http://secure-peqssa-login.tk/update?id=dpcean,1
https://www.xvrbhz.com/,0
https://blog.yztrfk.net/post/qkkqny,0
http://192.168.dnkznp.knlowz/paypal/signin,1
http://irrbcx-login.com/verify?user=bkgaiq&token=chckvs,1
http://www.exopuq.com.dogphe.ru/signin,1
https://blog.ygkoxa.net/post/isldsp,0
https://www.rhtjgs.edu/courses,0
https://www.mmtemb.edu/courses,0
http://ezioph-login.com/verify?user=pdajpk&token=thydbk,1
https://vfcknn.org/about,0
https://uhbvfs.org/about,0
https://www.vkyftq.com/,0
http://yhmmus-login.com/verify?user=onnpdw&token=hgqywo,1
https://www.qbrxqy.edu/courses,0
http://192.168.ivmgun.xezoxx/paypal/signin,1
http://secure-yayncx-login.tk/update?id=pppxyx,1
http://secure-mlqaof-login.tk/update?id=alugpt,1
http://koklge-alert.info/winner/claim?prize=zevhoi,1
http://www.ulqnwb.com.fjqmxy.ru/signin,1
http://secure-wlhecb-login.tk/update?id=tkfclg,1
https://blog.einjrs.net/post/skhmyn,0
http://oxxhql.free-update.xyz/account/confirm,1
http://www.mqujqv.com.mzdcnh.ru/signin,1
http://rtondg-alert.info/winner/claim?prize=vljkga,1
https://www.sqxpbc.com/,0
https://www.yncxnx.edu/courses,0
https://shop.fmeamt.co.uk/products,0
http://secure-oolsos-login.tk/update?id=byddwt,1
https://www.qhemef.com/,0
http://pkiqsw-login.com/verify?user=yryyrb&token=zbhdac,1
https://shop.idutjh.co.uk/products,0
http://192.168.gqakwb.aelmec/paypal/signin,1
https://www.zkfusf.com/,0
http://192.168.apievd.ohyudo/paypal/signin,1
https://www.hglvad.edu/courses,0
https://oahwlc.org/about,0
https://www.wkmpvr.com/,0
http://rqeaib-alert.info/winner/claim?prize=uxivyt,1
https://ummfmw.org/about,0
http://jonoxp-login.com/verify?user=lianpx&token=eaqctg,1
http://qlodzm-login.com/verify?user=wltpwh&token=lhhjzd,1
https://iluieh.org/about,0
https://www.nkuzor.com/,0
https://www.aopwil.edu/courses,0
https://blog.hwpslh.net/post/mxhbbi,0
http://secure-ijyybz-login.tk/update?id=nligjy,1
https://bmzzad.org/about,0
https://jfkpnb.org/about,0
http://secure-absbxv-login.tk/update?id=nmcacy,1
http://kkdwnh-alert.info/winner/claim?prize=vqwfrf,1
http://tlcxhk-login.com/verify?user=ixpbah&token=hxxpyt,1
http://sznqcl-login.com/verify?user=jlnwcw&token=arwzhq,1
http://zehplr-alert.info/winner/claim?prize=iqopyp,1
https://blog.fdbzdd.net/post/hlwxdj,0
https://blog.pzvtvd.net/post/debymy,0
https://www.verokt.edu/courses,0
https://www.gqwjrj.edu/courses,0
http://www.eagihx.com.hlghrm.ru/signin,1
https://www.vgqrtu.edu/courses,0
http://192.168.subxzp.kcjdvp/paypal/signin,1
http://qidytk.free-update.xyz/account/confirm,1
http://mnozlc-login.com/verify?user=hcknmz&token=qjzebt,1
https://www.yqcaxl.edu/courses,0
https://www.gkfjwp.com/,0
https://flohon.org/about,0
http://ieuldy-alert.info/winner/claim?prize=dotzbq,1
https://shop.wnyqpt.co.uk/products,0
http://ugsomk-login.com/verify?user=rtnufk&token=bsnofu,1
https://www.bmftph.edu/courses,0
http://www.jrwdtv.com.uqtssb.ru/signin,1
https://www.ifoycu.edu/courses,0
https://blog.hdynsn.net/post/csbqdk,0
https://www.hlepfn.edu/courses,0
http://xclotl-alert.info/winner/claim?prize=ovpxsq,1
https://shop.baylfo.co.uk/products,0
http://ulxerx-login.com/verify?user=uqusuj&token=hyhrxq,1
https://www.rccybw.com/,0
https://gcjmvw.org/about,0
http://lxrpkh-alert.info/winner/claim?prize=drvfhz,1
http://mqkbmk.free-update.xyz/account/confirm,1
http://gfvmxm-login.com/verify?user=qmecee&token=dkdavl,1
http://192.168.rzcltj.ksanno/paypal/signin,1
http://fvryhd-alert.info/winner/claim?prize=tfvwvf,1
https://shop.egqxmk.co.uk/products,0
https://www.dumayr.edu/courses,0
http://www.vmrcmy.com.zitcno.ru/signin,1
http://secure-wljpbq-login.tk/update?id=eyxwtg,1
https://www.jybhhi.com/,0
http://zmarwf-login.com/verify?user=tesoik&token=rpgrrk,1
http://www.iurnjs.com.cjbrel.ru/signin,1
http://xxkjok-alert.info/winner/claim?prize=vnqpdj,1
https://www.awtaqc.com/,0
https://ybtfuq.org/about,0
https://jzdrvj.org/about,0
http://www.jatgla.com.snctdf.ru/signin,1
http://secure-xbkpsz-login.tk/update?id=njstpn,1
http://secure-eplosh-login.tk/update?id=yemgvg,1
https://www.jszpzd.com/,0
http://secure-drsvdi-login.tk/update?id=xkpduo,1
https://shop.ukhkac.co.uk/products,0
http://rkggyz-login.com/verify?user=vshhii&token=mwdqym,1
https://shop.pqkxbh.co.uk/products,0
http://www.rewock.com.osvvtq.ru/signin,1
https://www.qlncdc.edu/courses,0
http://bknugj.free-update.xyz/account/confirm,1
https://shop.ggcjpv.co.uk/products,0
http://qrgbxf-login.com/verify?user=thbhjk&token=xolqdd,1
http://twgwlf-login.com/verify?user=ydqtbl&token=faldxi,1
http://www.bvliqe.com.yqkzud.ru/signin,1
https://blog.nxswon.net/post/lhiadj,0
http://lernex-login.com/verify?user=bmhovz&token=ngzzce,1
http://www.utovlx.com.bpghww.ru/signin,1
http://secure-ndmkvw-login.tk/update?id=uhcnha,1
http://ahasoy-alert.info/winner/claim?prize=uexssr,1
http://www.bpxxzi.com.zshgqs.ru/signin,1
https://jgcgaw.org/about,0
https://dcqgce.org/about,0
http://secure-aumeuf-login.tk/update?id=wmxxly,1
https://shop.aetyry.co.uk/products,0
https://usqylc.org/about,0
https://shop.guejdj.co.uk/products,0
http://dkrmpy-alert.info/winner/claim?prize=bxuybe,1
http://cdqmbx-alert.info/winner/claim?prize=zluhqp,1
http://192.168.luwmss.jvqpeu/paypal/signin,1
https://www.oncnzu.com/,0
http://secure-kjuelf-login.tk/update?id=uooesn,1
https://www.guhrft.edu/courses,0
https://yrztqf.org/about,0
http://yqopzy-alert.info/winner/claim?prize=lneqpd,1
http://www.hxpthm.com.zirgdk.ru/signin,1
http://supafm-alert.info/winner/claim?prize=ikeghf,1
http://www.gslxdi.com.eyoxex.ru/signin,1
https://xrxnak.org/about,0
http://secure-wkgaqm-login.tk/update?id=sznphv,1
http://www.senhfv.com.fqticn.ru/signin,1
http://www.vtkgoc.com.qbuxch.ru/signin,1
http://mwrmmr.free-update.xyz/account/confirm,1
https://www.rbtcfy.edu/courses,0
http://secure-ssvnvb-login.tk/update?id=sphstf,1
https://shop.dxszbr.co.uk/products,0
https://shop.hbgosd.co.uk/products,0
https://www.kcfctu.edu/courses,0
https://cmyimj.org/about,0
https://letuxn.org/about,0
http://www.jnkrou.com.mlbaup.ru/signin,1
https://rkcazk.org/about,0
http://raerve.free-update.xyz/account/confirm,1
http://192.168.zhlwue.uwqmsu/paypal/signin,1
https://www.agajae.com/,0
https://tivley.org/about,0
http://www.rhgkrw.com.trlvfv.ru/signin,1
https://www.btbklz.com/,0
http://kxndcz-login.com/verify?user=wmjvui&token=jbetzr,1
http://192.168.vfcvno.wbmfev/paypal/signin,1
http://jowncy.free-update.xyz/account/confirm,1
https://blog.wvfidg.net/post/ljwthr,0
https://www.tszwrf.edu/courses,0
http://192.168.nhbbue.nrundj/paypal/signin,1
https://okhwds.org/about,0
http://192.168.ehagoh.frzpld/paypal/signin,1
http://secure-gbrhls-login.tk/update?id=pzzmxv,1
https://shop.thlnaz.co.uk/products,0
http://oeaelh-alert.info/winner/claim?prize=uusweg,1
http://cajoeg-alert.info/winner/claim?prize=mualqu,1
http://www.kpsqus.com.zusiyk.ru/signin,1
http://ixfqqo-alert.info/winner/claim?prize=pdnify,1
http://mgsrdf.free-update.xyz/account/confirm,1
http://192.168.hizyqc.flqyub/paypal/signin,1
http://pxxjzi-alert.info/winner/claim?prize=yfazea,1
http://192.168.sgussf.nczdku/paypal/signin,1
https://shop.ywogqo.co.uk/products,0
http://www.wpzhzv.com.texkyf.ru/signin,1
https://www.xpoyes.com/,0
https://blog.tfcccb.net/post/vdgnik,0
http://192.168.espjuo.idgxbc/paypal/signin,1
http://192.168.lsvmxw.qudvwa/paypal/signin,1
http://192.168.fwcbdi.kcdyjy/paypal/signin,1
https://www.etqmkv.com/,0
http://192.168.tprfms.wonzeb/paypal/signin,1
http://www.cajufc.com.ndvvnn.ru/signin,1
http://jgozag-alert.info/winner/claim?prize=ctddxo,1
http://qxcxif-login.com/verify?user=ligwjr&token=htcyhs,1
http://oljjrs-alert.info/winner/claim?prize=ppgagm,1
http://yzmqpq.free-update.xyz/account/confirm,1
https://www.dzvufa.com/,0
http://vcddmk.free-update.xyz/account/confirm,1
https://www.cozaks.edu/courses,0
http://nhwxtw-alert.info/winner/claim?prize=twqlom,1
http://www.sszlam.com.izmjnr.ru/signin,1
http://joosay-login.com/verify?user=ulbnpg&token=mregzm,1
https://www.pnmdht.edu/courses,0
https://shop.rjhqgg.co.uk/products,0
https://www.umfznt.edu/courses,0
https://blog.gtipne.net/post/vabiwk,0
http://powyra-login.com/verify?user=sldjor&token=yhrnlm,1
http://www.lravjq.com.cugvkt.ru/signin,1
https://dsgurh.org/about,0
http://cqbryg.free-update.xyz/account/confirm,1
http://www.froinz.com.tkduns.ru/signin,1
https://shop.jchuwu.co.uk/products,0
http://htwidl.free-update.xyz/account/confirm,1
https://blog.qiioal.net/post/dvtuxm,0
http://192.168.vwuugv.kbhthm/paypal/signin,1
https://bitclf.org/about,0
https://www.gqmefq.edu/courses,0
https://www.dswjgk.edu/courses,0
http://jwxbre-alert.info/winner/claim?prize=pgobcr,1
https://www.psbbsl.com/,0
http://secure-bwazra-login.tk/update?id=kuczwe,1
http://qmpciq.free-update.xyz/account/confirm,1
https://blog.zmspnr.net/post/mrweas,0
http://192.168.bzfvek.uqhhnm/paypal/signin,1
https://blog.tlloao.net/post/ghnbpm,0
https://blog.twqgam.net/post/bovnvg,0
http://192.168.vsrfhw.oyhcdp/paypal/signin,1
http://tdoavw-login.com/verify?user=ftnqcw&token=dreoyi,1
http://192.168.zbxqzq.bvmpol/paypal/signin,1
https://www.ondsqu.com/,0
http://192.168.laulel.qlxnud/paypal/signin,1
http://www.umaeoz.com.bvzsns.ru/signin,1
http://www.nedkbd.com.whxiwy.ru/signin,1
http://192.168.wukrja.zglwli/paypal/signin,1
https://www.mwwvma.com/,0
http://putpnf-login.com/verify?user=iaxbjq&token=sqmzab,1
http://secure-rdvhly-login.tk/update?id=tptswx,1
https://shop.schokn.co.uk/products,0
http://www.wziaqd.com.ppicjb.ru/signin,1
http://192.168.vpdppz.csuzpv/paypal/signin,1
http://rzaigu-alert.info/winner/claim?prize=ewyell,1
https://shop.awsuny.co.uk/products,0
http://flmyvn.free-update.xyz/account/confirm,1
https://www.vnynze.com/,0
https://shop.auwvlz.co.uk/products,0
http://www.lsukct.com.jkqnuh.ru/signin,1
https://blog.dcsdam.net/post/xrmmqo,0
http://bdrtce-login.com/verify?user=wdtouk&token=yrrppt,1
http://192.168.bhsndh.geyefa/paypal/signin,1
http://192.168.rxsxek.zjiaso/paypal/signin,1
http://xmhqvs-login.com/verify?user=cybfmt&token=dohciv,1
https://www.kvhqdk.com/,0
http://192.168.wyjaux.zvdibt/paypal/signin,1
https://blog.zfxuhr.net/post/wnshia,0
https://www.hjepuv.com/,0
http://secure-svcdgc-login.tk/update?id=wocbym,1
http://dilond.free-update.xyz/account/confirm,1
https://blog.itavmk.net/post/uorfkq,0
https://shop.undfvy.co.uk/products,0
https://www.gsobdv.edu/courses,0
http://www.whngka.com.feyzdy.ru/signin,1
https://shop.gdasmn.co.uk/products,0
https://shop.bzunii.co.uk/products,0
http://192.168.xhmybw.rgxdes/paypal/signin,1
https://mwvaoj.org/about,0
https://www.lohgpu.com/,0
https://www.dnaden.com/,0
http://kzzpuq-login.com/verify?user=xrmpzd&token=neupne,1
https://www.uoffnx.edu/courses,0
http://secure-cdxwkv-login.tk/update?id=vbkutq,1
http://weezjx-login.com/verify?user=wzfsom&token=mwnwci,1
http://iwfszb.free-update.xyz/account/confirm,1
https://www.mringo.com/,0
http://ucchzf-login.com/verify?user=lweefe&token=lwkkds,1
http://secure-ugsqji-login.tk/update?id=wrtewo,1
http://niaxvw.free-update.xyz/account/confirm,1
http://192.168.mvzydi.ixtwvv/paypal/signin,1
https://blog.dtnmut.net/post/yrzjcq,0
https://www.wkkpty.com/,0
http://vxaiar-login.com/verify?user=spuecs&token=rtjigs,1
https://www.pleenk.com/,0
https://www.fjophf.edu/courses,0
https://www.nyqiwf.com/,0
http://ogygwc.free-update.xyz/account/confirm,1
https://shop.lbrgcr.co.uk/products,0
https://blog.rpwcso.net/post/mygrvk,0
http://192.168.yuqgls.uxketk/paypal/signin,1
http://kdgdtb-alert.info/winner/claim?prize=gxegsc,1
http://xetsln.free-update.xyz/account/confirm,1
http://jcyefn-login.com/verify?user=cdrgkt&token=lvbxvc,1
http://secure-wrmdfh-login.tk/update?id=shyiui,1
https://shop.eubjto.co.uk/products,0
http://192.168.owqbfg.ngexmo/paypal/signin,1
https://www.ydvrvs.edu/courses,0
http://www.vfxhon.com.qjuhbm.ru/signin,1
http://ycdrix-alert.info/winner/claim?prize=sjtvbj,1
https://shop.uevgqg.co.uk/products,0
http://192.168.fjbgrq.cttsfi/paypal/signin,1
https://blog.prvroq.net/post/ecuezv,0
https://ssdgtx.org/about,0
http://secure-tshqxp-login.tk/update?id=qtuotx,1
http://secure-hkujrf-login.tk/update?id=mscega,1
http://secure-gcwszk-login.tk/update?id=kajzhz,1
http://secure-wpsctl-login.tk/update?id=xccipz,1
http://udxmjv.free-update.xyz/account/confirm,1
https://shop.hhcyoh.co.uk/products,0
https://www.htthty.com/,0
https://blog.yflbov.net/post/trcesx,0
https://bzegko.org/about,0
https://www.egoldf.edu/courses,0
http://egxnml.free-update.xyz/account/confirm,1
http://secure-ssjepn-login.tk/update?id=gvwfmj,1
https://shop.utabua.co.uk/products,0
https://www.ngcucs.edu/courses,0
https://www.bqckdt.com/,0
https://www.tmcppy.com/,0
https://www.uugfvn.edu/courses,0
https://www.cfdnls.com/,0
http://pkprdv.free-update.xyz/account/confirm,1
https://www.pfmlmo.com/,0
https://shop.xgideh.co.uk/products,0
http://www.iqonpu.com.rhpbfo.ru/signin,1
http://www.fzfjwo.com.ykbsfh.ru/signin,1
http://gwslbc-alert.info/winner/claim?prize=lrpwzq,1
https://ahntus.org/about,0
https://blog.xsfmgx.net/post/kvtbls,0
http://bymxzh-login.com/verify?user=fivxgu&token=jycnnb,1
https://blog.fhsyty.net/post/uwirpz,0
http://sajkcs-alert.info/winner/claim?prize=tasuhd,1
http://www.javbgw.com.ssmluq.ru/signin,1
https://shop.vgblkt.co.uk/products,0
https://shop.xwoldy.co.uk/products,0
https://www.emfslk.edu/courses,0
https://shop.cuhtde.co.uk/products,0
http://www.wfpjzc.com.pbxudu.ru/signin,1
https://shop.xspoln.co.uk/products,0
http://www.vknxfg.com.ocohff.ru/signin,1
https://gmjopw.org/about,0
http://tdjfqd-login.com/verify?user=xbzqed&token=dadhpg,1
http://www.venynn.com.pawhdp.ru/signin,1
http://dnxtrn-alert.info/winner/claim?prize=sxyfxr,1
http://gzrsah.free-update.xyz/account/confirm,1
http://pkjayx-login.com/verify?user=eqksit&token=bpcdhe,1
https://shop.mvjpib.co.uk/products,0
https://www.ucbwui.edu/courses,0
https://ckmbzw.org/about,0
http://www.htndby.com.kflytl.ru/signin,1
https://blog.jmuqnf.net/post/gowlxn,0
https://blog.rgwwfg.net/post/fvvbey,0
https://www.dbhzfw.com/,0
https://iylarn.org/about,0
http://jpzzga.free-update.xyz/account/confirm,1
http://jjocwa.free-update.xyz/account/confirm,1
https://www.hxwodu.edu/courses,0
https://www.osacyp.edu/courses,0
https://www.pcycxt.edu/courses,0
http://192.168.gylkbx.qswljk/paypal/signin,1
https://shop.vkcoum.co.uk/products,0
https://www.mmcsyl.edu/courses,0
http://ntqohf-login.com/verify?user=gfptdo&token=wmudrk,1
https://fgqjue.org/about,0
http://secure-znwgkd-login.tk/update?id=onyyqm,1
https://blog.tlrlea.net/post/kbfnlf,0
https://www.dqlhzx.edu/courses,0
https://www.vspwin.edu/courses,0
https://adaeoy.org/about,0
http://192.168.qudkok.jdtyrg/paypal/signin,1
http://silyrn.free-update.xyz/account/confirm,1
https://atqkfo.org/about,0
http://www.kijyip.com.yuyztp.ru/signin,1
https://www.lctcmt.edu/courses,0
http://wfkzif.free-update.xyz/account/confirm,1
https://blog.rjlzys.net/post/lwpzsy,0
http://jtmurh-login.com/verify?user=mhfdkr&token=rkwcab,1
http://secure-djyrfy-login.tk/update?id=vvusro,1
http://vlsvih-alert.info/winner/claim?prize=fcekro,1
https://shop.iukjbj.co.uk/products,0
http://www.dtuuoz.com.pqyuly.ru/signin,1
https://www.ofghqk.com/,0
https://www.glyzcg.com/,0
https://ulfuyt.org/about,0
http://ktearu.free-update.xyz/account/confirm,1
https://www.clpwqh.edu/courses,0
http://uyagrc-alert.info/winner/claim?prize=kqcoyg,1
https://www.gakvcb.edu/courses,0
http://www.osypct.com.xmlmzm.ru/signin,1
http://thzwqt-login.com/verify?user=rphuos&token=okckwd,1
https://www.uqcbwk.com/,0
https://blog.gteezd.net/post/zcgklw,0
http://secure-vkctwl-login.tk/update?id=ltggzf,1
http://hfkgrv.free-update.xyz/account/confirm,1
http://muqwfn-alert.info/winner/claim?prize=xdgvmr,1
http://tjzgfk-alert.info/winner/claim?prize=goynoj,1
https://www.sndokk.edu/courses,0
https://www.ivzzey.com/,0
https://shop.ajackl.co.uk/products,0
http://192.168.jdgemi.skgdfn/paypal/signin,1
https://blog.obikcu.net/post/eazugk,0
https://www.nmnsop.com/,0
https://www.rnahoi.edu/courses,0
https://blog.tixomt.net/post/xooisf,0
http://secure-tcydzg-login.tk/update?id=tjanun,1
https://shop.mjyprq.co.uk/products,0
http://ywmjjj.free-update.xyz/account/confirm,1
https://blog.qfsokd.net/post/hwetha,0
http://vguazr-login.com/verify?user=jxxxdp&token=ndfcmm,1
https://www.ryqjbj.com/,0
http://vnogvc.free-update.xyz/account/confirm,1
http://192.168.ftleev.vrnnbw/paypal/signin,1
https://blog.qoctui.net/post/bkxiey,0
http://prtfat-login.com/verify?user=yuevfd&token=imbwab,1
https://blog.ipqwqt.net/post/xuhvrk,0
https://vzfrlh.org/about,0
http://secure-fkgrqr-login.tk/update?id=glykok,1
https://www.hllnhg.edu/courses,0
https://www.zbxicy.com/,0
http://aquijq-alert.info/winner/claim?prize=cxxigi,1
https://bjkxur.org/about,0
http://kcgezz-alert.info/winner/claim?prize=sozcff,1
http://cbrtiv-login.com/verify?user=etecrh&token=litswo,1
https://blog.nribrx.net/post/tjghat,0
http://192.168.kqufeu.ltcnlr/paypal/signin,1
http://secure-yaxywq-login.tk/update?id=tudcso,1
https://shop.wequjw.co.uk/products,0
http://wwqqfw-login.com/verify?user=wupdfk&token=nrxtlz,1
https://www.fbxjbr.com/,0
http://clkcpu-alert.info/winner/claim?prize=inkcbw,1
https://blog.vplmiq.net/post/ajyjbz,0
http://www.gehlmk.com.isheax.ru/signin,1
http://sqnrmo.free-update.xyz/account/confirm,1
https://shop.rptgnv.co.uk/products,0
http://secure-xcptlk-login.tk/update?id=ptdtos,1
http://www.fxqgce.com.bdcqni.ru/signin,1
http://kcxwtm-alert.info/winner/claim?prize=abknrn,1
http://www.pqiyam.com.qeecjk.ru/signin,1
https://shop.luvcke.co.uk/products,0
http://192.168.grbfja.vgzeao/paypal/signin,1
http://192.168.xmfrgn.qprnyq/paypal/signin,1
https://oxifdb.org/about,0
https://edtobv.org/about,0
https://www.crxtux.com/,0
https://www.bytejb.edu/courses,0
http://ntpfnf.free-update.xyz/account/confirm,1
http://ccfhmh-login.com/verify?user=reusyc&token=vsatan,1
http://secure-qrytrs-login.tk/update?id=skzrro,1
https://shop.dihwin.co.uk/products,0
https://mnqmkz.org/about,0
https://www.ompezl.edu/courses,0
https://carcxq.org/about,0
https://xicyeb.org/about,0
https://sxzndr.org/about,0
http://www.trbmyo.com.wvzqmq.ru/signin,1
https://www.xdutuz.com/,0
https://www.remlzz.com/,0
https://shop.oxwjlp.co.uk/products,0
https://usxucd.org/about,0
https://www.kvwmfh.edu/courses,0
http://ydwaze.free-update.xyz/account/confirm,1
https://wzbgra.org/about,0
https://blog.smawqd.net/post/ognbek,0
http://secure-mahvhm-login.tk/update?id=pyhvym,1
http://lmpvpf-alert.info/winner/claim?prize=wzujxt,1
http://itfxzx-login.com/verify?user=dkeknn&token=vbkenl,1
https://blog.lppbpo.net/post/fiwgti,0
http://eciuus-alert.info/winner/claim?prize=fttuvf,1
http://huqgcr-alert.info/winner/claim?prize=iwkzeh,1
https://zmuipz.org/about,0
http://secure-mpqrkb-login.tk/update?id=umaosh,1
https://blog.qnovoc.net/post/jkaimh,0
http://ncgyqi-alert.info/winner/claim?prize=veekzp,1
http://192.168.wtvzzd.slperf/paypal/signin,1
https://blog.wiwcdk.net/post/unzmrb,0
https://www.yiwkxl.com/,0
http://yorkyy-alert.info/winner/claim?prize=rrvemk,1
https://shop.tmqwxb.co.uk/products,0
https://blog.jcswhq.net/post/vxlclf,0
https://blog.wndcug.net/post/wgaknu,0
https://blog.ezgoqi.net/post/yrtbad,0
https://mctclg.org/about,0
http://secure-yhjmum-login.tk/update?id=gpoerw,1
http://192.168.pgbnnf.nrzomw/paypal/signin,1
https://cgzotl.org/about,0
https://shop.wuxxpk.co.uk/products,0
https://www.cprfeu.edu/courses,0
http://wzeuzz-login.com/verify?user=sbrmtk&token=xinnvn,1
https://www.uvyvxf.com/,0
http://kennic-alert.info/winner/claim?prize=kkbyex,1
https://blog.znhden.net/post/afihfc,0
https://www.uhttct.edu/courses,0
https://cbbnfw.org/about,0
https://www.zvfqgg.com/,0
http://gqgpux-alert.info/winner/claim?prize=ejpbss,1
http://tkogdt-alert.info/winner/claim?prize=rdgbto,1
https://www.dlrrdg.edu/courses,0
http://wsukts-login.com/verify?user=ziithf&token=panlpi,1
http://www.ebrker.com.ofpgpg.ru/signin,1
https://blog.aohsiq.net/post/xolxyi,0
https://anwvpq.org/about,0
http://192.168.evauuc.uownpy/paypal/signin,1
http://wzpqfp-login.com/verify?user=twaetj&token=rjwfiu,1
http://bbmxxd.free-update.xyz/account/confirm,1
http://www.iujbox.com.fyxfca.ru/signin,1
https://zayfjj.org/about,0
http://pgumpb.free-update.xyz/account/confirm,1
http://vizmzs-login.com/verify?user=oimpiv&token=ymysyk,1
https://shop.aacebg.co.uk/products,0
https://blog.jhqlfm.net/post/rzdbly,0
http://avgyyh.free-update.xyz/account/confirm,1
https://blog.prjjkr.net/post/aoisyw,0
https://blog.qgnlpv.net/post/hlfpce,0
https://www.nycczx.edu/courses,0
https://shop.khkvcc.co.uk/products,0
https://blog.nvruqd.net/post/tvdbqw,0
http://kvbhrw-alert.info/winner/claim?prize=nfrokl,1
http://www.gsazys.com.drglyl.ru/signin,1
http://secure-gcqkax-login.tk/update?id=rismtz,1
http://mighcw-alert.info/winner/claim?prize=zqfene,1
http://www.nmogco.com.xyxbvl.ru/signin,1
https://igdzbt.org/about,0
http://www.pvpbva.com.xfgsuk.ru/signin,1
https://fxinrg.org/about,0
https://www.ytyzid.edu/courses,0
https://blog.jwfydl.net/post/wejvgi,0
https://www.rlrvhf.edu/courses,0
https://www.imsdsa.edu/courses,0
http://www.zgzctv.com.kqoqrv.ru/signin,1
http://192.168.vsyqjg.bcgnau/paypal/signin,1
http://zshhnu.free-update.xyz/account/confirm,1
http://www.qsotuo.com.luwpkt.ru/signin,1
http://aprctc-login.com/verify?user=uxanns&token=eysxdc,1
https://www.pvhlot.com/,0
https://www.pmqjjs.com/,0
http://abulny.free-update.xyz/account/confirm,1
https://shop.qobzol.co.uk/products,0
http://owfhsf.free-update.xyz/account/confirm,1
https://www.xqvxwy.edu/courses,0
https://shop.flvqjo.co.uk/products,0
http://www.gcauta.com.sxsjrt.ru/signin,1
http://secure-bqoxbs-login.tk/update?id=hiauzd,1
https://blog.updvaw.net/post/omkzei,0
http://wsmrdm-alert.info/winner/claim?prize=srjblf,1
https://www.mpzrcu.com/,0
http://gpkkwt-login.com/verify?user=mxfxvm&token=smweao,1
http://www.bjveya.com.uvbrod.ru/signin,1
http://www.lyksld.com.fqxksv.ru/signin,1
https://xjlbow.org/about,0
http://secure-urunhm-login.tk/update?id=dtxunu,1
http://egpzhn-login.com/verify?user=joeipm&token=fcyqbr,1
https://www.friopx.com/,0
https://shop.peefko.co.uk/products,0
https://www.higczr.edu/courses,0
http://qprgtr-login.com/verify?user=larpbr&token=zricwm,1
https://www.zbeoxi.edu/courses,0
http://www.xajxkv.com.iktfnb.ru/signin,1
https://shop.rrnamf.co.uk/products,0
http://192.168.nqhpyh.vncfjp/paypal/signin,1
http://yyyumy-login.com/verify?user=qqqzsr&token=yueddn,1
https://shop.nfdmgr.co.uk/products,0
https://www.rvnzza.edu/courses,0
https://www.jrwski.edu/courses,0
https://blog.lzzkzu.net/post/pyqaju,0
http://secure-iibkfh-login.tk/update?id=wxavbg,1
https://occvne.org/about,0
https://www.aoybva.edu/courses,0
https://www.scazvf.edu/courses,0
https://www.reukqc.edu/courses,0
http://mbxovf.free-update.xyz/account/confirm,1
http://jxgbsp-login.com/verify?user=uftkqd&token=djddtu,1
https://fidyhf.org/about,0
https://shop.mbjadg.co.uk/products,0
http://www.aenlqd.com.rmzfiw.ru/signin,1
http://192.168.vupyku.qvekvf/paypal/signin,1
http://www.lqrsve.com.fypjou.ru/signin,1
https://blog.onvyfi.net/post/mvsood,0
http://usldcw-alert.info/winner/claim?prize=zeejfp,1
http://fywokh-login.com/verify?user=vcycwb&token=bccswt,1
https://blog.unbfqd.net/post/hqkgeg,0
http://secure-zhgvrr-login.tk/update?id=ixzknx,1
https://feedyi.org/about,0
http://192.168.bsizwp.mqxmrg/paypal/signin,1
https://shop.kqxhdf.co.uk/products,0
http://www.iaoyak.com.iqjmgp.ru/signin,1
http://192.168.pllrvk.pgzjql/paypal/signin,1
https://blog.itlscu.net/post/sjjvgv,0
http://www.etiscj.com.vefrsm.ru/signin,1
https://mtntks.org/about,0
http://xhpull-alert.info/winner/claim?prize=ruhkag,1
http://192.168.ojwqhg.mytxwq/paypal/signin,1
http://oalkkq.free-update.xyz/account/confirm,1
http://192.168.joluux.yfvlai/paypal/signin,1
http://jkfdpo-alert.info/winner/claim?prize=qxauuu,1
http://gyzvko-login.com/verify?user=abboqz&token=azrayk,1
https://blog.jrdjod.net/post/xwjumz,0
https://yxgizx.org/about,0
http://ehhrwn.free-update.xyz/account/confirm,1
http://cosktm.free-update.xyz/account/confirm,1
https://shop.lsnney.co.uk/products,0
https://blog.gihapn.net/post/ffqboy,0
http://jfqdyb-login.com/verify?user=mliunb&token=jjozif,1
http://fjskkk-login.com/verify?user=duohos&token=edxieu,1
https://www.gsosvu.com/,0
https://www.rfisrw.com/,0
http://yiqjui.free-update.xyz/account/confirm,1
http://yesrcq.free-update.xyz/account/confirm,1
https://shop.livthh.co.uk/products,0
https://www.ydlhbk.edu/courses,0
https://www.mgxzeh.com/,0
http://192.168.lajene.aronya/paypal/signin,1
https://lewqsl.org/about,0
http://kscgoo-alert.info/winner/claim?prize=gvckvn,1
https://www.ajupxo.edu/courses,0
http://192.168.uraiia.ehpxcf/paypal/signin,1
https://blog.qfsqux.net/post/xnvjwp,0
http://ehukvm-login.com/verify?user=baeznl&token=ysalqh,1
http://www.eawnwx.com.ivcrkj.ru/signin,1
http://kfjcrq-login.com/verify?user=hojlst&token=eywrxt,1
https://cqedcg.org/about,0
http://igbvth-login.com/verify?user=rmxynv&token=zdjhdl,1
http://www.aqzzrk.com.uwmwbk.ru/signin,1
http://zjoefr.free-update.xyz/account/confirm,1
http://www.iwpogp.com.vrxzhe.ru/signin,1
http://192.168.umcpcd.ipnapb/paypal/signin,1
https://blog.wvemus.net/post/zrhlsg,0
http://spvged-alert.info/winner/claim?prize=bpxezp,1
https://shop.tsbjws.co.uk/products,0
http://epqmjv.free-update.xyz/account/confirm,1
http://ihgepw-login.com/verify?user=ufkiww&token=vtdmle,1
https://shop.ofrqcp.co.uk/products,0
https://nkngwr.org/about,0
http://xllzth-alert.info/winner/claim?prize=lmolar,1
http://dblhhi.free-update.xyz/account/confirm,1
https://www.lxbwjz.com/,0
https://aqlhrl.org/about,0
https://www.kqyxog.edu/courses,0
https://blog.ucnnyx.net/post/noqrfd,0
https://www.jyzryr.com/,0
http://qhbfix-alert.info/winner/claim?prize=pomlcn,1
http://kirflu-login.com/verify?user=bynzdy&token=kkxaxk,1
http://192.168.ttbykp.vgyuym/paypal/signin,1
http://www.mszabh.com.krwepz.ru/signin,1
https://shop.xaccqk.co.uk/products,0
https://blog.nuivrl.net/post/flziiz,0
https://www.qsaogg.com/,0
https://blog.crdhpm.net/post/sgdxpn,0
https://www.gomwhi.com/,0
https://shop.eejafg.co.uk/products,0
http://secure-ocylkp-login.tk/update?id=hqhngt,1
http://secure-eekjvu-login.tk/update?id=sgpgys,1
http://ijaosc-alert.info/winner/claim?prize=jxgsrd,1
https://shop.oeqztx.co.uk/products,0
https://obtdel.org/about,0
https://www.luxtzm.edu/courses,0
https://www.jrzkhw.edu/courses,0
https://shop.xngvjn.co.uk/products,0
https://aodexi.org/about,0
http://ehewdu.free-update.xyz/account/confirm,1
https://blog.vwmrzv.net/post/vqajzf,0
https://sbbdpd.org/about,0
http://192.168.apwbbk.murnug/paypal/signin,1
https://blog.gvwkza.net/post/wovgat,0
http://secure-mgfurh-login.tk/update?id=mfkukc,1
https://www.yjsdet.com/,0
http://dsgxxi-alert.info/winner/claim?prize=etdrgj,1
https://rldjnn.org/about,0
http://psyggx.free-update.xyz/account/confirm,1
http://www.xagobw.com.hjxaxg.ru/signin,1
http://dzoxew-alert.info/winner/claim?prize=vhhsxo,1
http://secure-mgtrey-login.tk/update?id=dfxqae,1
http://192.168.rjipnf.bsyjae/paypal/signin,1
http://dltyyw-alert.info/winner/claim?prize=tydoto,1
https://shop.ouuvse.co.uk/products,0
https://shop.felyya.co.uk/products,0
https://blog.uuymyi.net/post/npzekq,0
https://blog.khsfzd.net/post/uzohli,0
http://otoyxn-alert.info/winner/claim?prize=bpgvok,1
https://www.qlibex.edu/courses,0
https://blog.jirmet.net/post/mbtnhr,0
https://qmjycf.org/about,0
http://ahqnsx-login.com/verify?user=xzrazz&token=wxqsib,1
https://blog.znegzs.net/post/uklqzs,0
http://xyoqci.free-update.xyz/account/confirm,1
http://sqpslz-alert.info/winner/claim?prize=yvflsk,1
https://blog.kkbhfs.net/post/sdmiew,0
https://blog.ejlooz.net/post/dhnuxr,0
https://shop.rirkbi.co.uk/products,0
https://www.xodgvt.com/,0
https://www.ndvrxa.com/,0
http://secure-fmcnyr-login.tk/update?id=ksspyv,1
http://192.168.btpjic.qspnuo/paypal/signin,1
https://blog.gseeze.net/post/ubzren,0
https://www.fzrvzf.edu/courses,0
http://secure-stvdxk-login.tk/update?id=lzhedf,1
https://shop.eiyzeg.co.uk/products,0
https://vgwrzk.org/about,0
http://xgroxr-alert.info/winner/claim?prize=izejyf,1
https://www.waxzpr.com/,0
https://www.wgggep.com/,0
http://secure-qpzvrk-login.tk/update?id=ysedqj,1
https://shop.yyftjd.co.uk/products,0
https://blog.imarcs.net/post/yqbjes,0
https://www.bbdkjj.edu/courses,0
http://vnrafz-login.com/verify?user=dklvwr&token=xwptic,1
http://tdqkim-login.com/verify?user=cqaxzo&token=gddanc,1
https://blog.qewcoy.net/post/trbiza,0
https://blog.dqgmom.net/post/xjlzhv,0
https://zmybak.org/about,0
http://hisiym-alert.info/winner/claim?prize=pmhzdz,1
https://blog.zdwger.net/post/koiiyl,0
http://etasjf.free-update.xyz/account/confirm,1
http://secure-javrrd-login.tk/update?id=oqmjgs,1
http://qghvba-alert.info/winner/claim?prize=eninbg,1
http://www.sygjsp.com.xcrbcz.ru/signin,1
https://www.lhezxw.com/,0
http://stsayk-login.com/verify?user=wxficn&token=wpvmky,1
https://www.kdbbin.com/,0
https://www.cxwrdf.edu/courses,0
https://www.devvfw.edu/courses,0
http://ictkgb-alert.info/winner/claim?prize=nsmwam,1
https://shop.eeqxap.co.uk/products,0
http://lklvxv-alert.info/winner/claim?prize=pdkqdt,1
http://secure-woxjjl-login.tk/update?id=yhajxz,1
https://blog.hxnjsx.net/post/dynnaa,0
https://blog.jmlidb.net/post/osqfol,0
https://blog.mbfkge.net/post/qdypgg,0
https://vjaoyl.org/about,0
http://ximueo.free-update.xyz/account/confirm,1
https://www.hbyxhd.edu/courses,0
https://kyiind.org/about,0
http://secure-oycgix-login.tk/update?id=bpuqst,1
http://uulswe-login.com/verify?user=gtbtst&token=dxopsp,1
https://blog.hrptce.net/post/xainwl,0
https://www.mzqtni.edu/courses,0
https://shop.qiwdkd.co.uk/products,0
https://www.arwrbi.edu/courses,0
https://ynxmck.org/about,0
https://www.gigrri.edu/courses,0
http://www.chixcs.com.cyprjq.ru/signin,1
http://secure-whtfpg-login.tk/update?id=idmfms,1
http://bihlgb-alert.info/winner/claim?prize=yjkyyi,1
https://www.qqxutb.com/,0
https://www.zepqha.edu/courses,0
http://192.168.bwantx.majodh/paypal/signin,1
http://makdma-login.com/verify?user=ptgpdn&token=ohhfdw,1
http://www.iphjlo.com.wgifas.ru/signin,1
https://blog.yzhvat.net/post/jrtdyb,0
http://www.wzuraf.com.yjmpmb.ru/signin,1
http://192.168.qxkwbs.rhwect/paypal/signin,1
https://shop.wugsvh.co.uk/products,0
https://www.mecyfv.com/,0
http://lzbgxh-alert.info/winner/claim?prize=pqsbzu,1
https://www.ylilso.com/,0
http://tnisll-login.com/verify?user=azyuom&token=kzigsx,1
https://www.tbqpzo.com/,0
http://www.nvngzv.com.ocepzn.ru/signin,1
http://www.mjzina.com.hugqlr.ru/signin,1
http://iwgdyz.free-update.xyz/account/confirm,1
http://secure-sokdqy-login.tk/update?id=wkwufl,1
https://www.jxpnkm.com/,0
http://bmdtqt.free-update.xyz/account/confirm,1
https://shop.svyonf.co.uk/products,0
https://blog.gsypuv.net/post/fkcpzx,0
https://www.dermcu.com/,0
http://jiyenf.free-update.xyz/account/confirm,1
https://shop.iytbsw.co.uk/products,0
https://shop.tkmeow.co.uk/products,0
http://ovrxll-login.com/verify?user=mywnte&token=tpscgk,1
http://lrilzv.free-update.xyz/account/confirm,1
http://192.168.iakeie.svcuqn/paypal/signin,1
https://www.ovmoqg.com/,0
https://www.tacooa.com/,0
https://www.lzohxr.edu/courses,0
https://www.pugdsh.edu/courses,0
https://shop.rgwegb.co.uk/products,0
https://www.cnmayv.com/,0
https://qucjak.org/about,0
http://192.168.prypty.zhonww/paypal/signin,1
https://www.zfuaao.edu/courses,0
https://www.jhmwzl.edu/courses,0
http://www.nenlox.com.trexpm.ru/signin,1
https://www.njmjeu.edu/courses,0
https://shop.htveto.co.uk/products,0
https://www.mbjfjk.edu/courses,0
https://shop.ybkjuc.co.uk/products,0
https://shop.kekflr.co.uk/products,0
http://192.168.wfelmd.kpuykw/paypal/signin,1
https://www.mscalk.com/,0
http://ixnvhj-login.com/verify?user=wimpng&token=nicmwj,1
http://www.xpddcg.com.ujpbqo.ru/signin,1
https://shop.jrjfbq.co.uk/products,0
http://secure-mayqtd-login.tk/update?id=ankrkb,1
https://blog.pmabgk.net/post/sknahy,0
https://www.osykwp.com/,0
https://shop.zqwnnz.co.uk/products,0
https://www.peicqk.edu/courses,0
http://zrxlpc-alert.info/winner/claim?prize=fimyci,1
https://shop.fngpqp.co.uk/products,0
http://www.liinsn.com.migqkr.ru/signin,1
http://gykjho-alert.info/winner/claim?prize=aqxkeo,1
https://www.ympjka.com/,0
http://www.hguxas.com.hmyygk.ru/signin,1
http://secure-jvegtt-login.tk/update?id=rjmjvq,1
https://www.mboxog.com/,0
https://qglunq.org/about,0
http://www.ixnobn.com.xswzpm.ru/signin,1
https://www.lxczks.com/,0
http://www.wosuiz.com.cxpzve.ru/signin,1
https://blog.iwxuyi.net/post/xlsskf,0
http://www.uylzmq.com.txdcij.ru/signin,1
http://192.168.yverzv.qauqai/paypal/signin,1
https://shop.jsvunx.co.uk/products,0
http://gjzsuz-login.com/verify?user=ftjbes&token=cqgqcp,1
https://shop.kukwqx.co.uk/products,0
https://www.sogvmm.edu/courses,0
https://www.ovmmrn.com/,0
http://www.aptzxh.com.pnyiix.ru/signin,1
http://192.168.qiiagc.nesmra/paypal/signin,1
http://192.168.vxxuhn.xzndjb/paypal/signin,1
https://www.eodgng.com/,0
https://uexhib.org/about,0
https://blog.dgqpap.net/post/kyprxo,0
https://www.yrofzp.com/,0
https://www.igqltt.edu/courses,0
https://www.bmmiye.com/,0
https://shop.zscszm.co.uk/products,0
https://www.fbfwpk.com/,0
http://geauri-alert.info/winner/claim?prize=tzatzb,1
https://www.autaru.com/,0
https://www.ciovvz.edu/courses,0
http://192.168.rerllv.gsacgk/paypal/signin,1
http://xifnmj-login.com/verify?user=tqhjkq&token=msyoga,1
https://www.ruzxkx.com/,0
https://www.jzfmms.edu/courses,0
http://ukitjw.free-update.xyz/account/confirm,1
http://secure-gaewrm-login.tk/update?id=uwpsyb,1
http://lulals-login.com/verify?user=dumwjj&token=owpapm,1
https://www.omvwgv.edu/courses,0
http://secure-spcxuv-login.tk/update?id=lacnws,1
https://tfcvhz.org/about,0
https://www.dkqemo.edu/courses,0
http://ebnemj-alert.info/winner/claim?prize=meuxzn,1
http://secure-kklmfh-login.tk/update?id=yzmaag,1
https://blog.hpebrq.net/post/wybakh,0
http://xyuanu.free-update.xyz/account/confirm,1
http://www.qmqdti.com.cmrjff.ru/signin,1
https://shop.ehyriw.co.uk/products,0
https://www.zrjpvg.com/,0
http://mizejp.free-update.xyz/account/confirm,1
https://www.kfpfgb.edu/courses,0
https://blog.hnqcis.net/post/gfihyg,0
https://blog.itbmus.net/post/dxjebt,0
http://qawwmo-login.com/verify?user=pnpffb&token=errguy,1
http://secure-wxyjvx-login.tk/update?id=avkxfc,1
http://xhyxzs-alert.info/winner/claim?prize=uqbjev,1
https://www.sxvtfg.edu/courses,0
http://192.168.uugdgh.vvycuy/paypal/signin,1
https://qsnpcj.org/about,0
http://eawhkq-login.com/verify?user=xlklbr&token=ixswll,1
http://jinszb.free-update.xyz/account/confirm,1
https://shop.pbhmhu.co.uk/products,0
http://secure-uzzfqg-login.tk/update?id=jkpmsx,1
https://blog.gecyda.net/post/qutwgb,0
http://gztjcr-login.com/verify?user=razwaz&token=cbyfcc,1
https://blog.ciohog.net/post/igjxtf,0
http://secure-bhbvyv-login.tk/update?id=bpqtsv,1
https://shop.tgtdlz.co.uk/products,0
http://www.gfymfe.com.irgcro.ru/signin,1
http://fgcqkp-alert.info/winner/claim?prize=zqwdlf,1
https://www.zchfgj.edu/courses,0
http://secure-metiuq-login.tk/update?id=dnspmx,1
https://www.mzikqb.com/,0
http://secure-ctrrop-login.tk/update?id=lupwzx,1
https://shop.oaqbzo.co.uk/products,0
http://www.jlxaeq.com.iyrgjm.ru/signin,1
https://www.fpkexo.edu/courses,0
https://shop.knbbmn.co.uk/products,0
http://secure-rztvfc-login.tk/update?id=sltriv,1
http://mlgiyi.free-update.xyz/account/confirm,1
https://shop.xwmiim.co.uk/products,0
http://ovcdhk-login.com/verify?user=mvspjn&token=rcyydi,1
http://zprozd-login.com/verify?user=jxclxl&token=hqbcgn,1
http://secure-idsjeo-login.tk/update?id=sjjksg,1
https://blog.cpjqck.net/post/hjagcy,0
https://blog.qdgegc.net/post/hnblxm,0
http://www.bzgxyc.com.hqteax.ru/signin,1
http://192.168.uiofxi.fchfiu/paypal/signin,1
http://www.chjvbu.com.ttxhru.ru/signin,1
https://blog.uojjln.net/post/maaery,0
https://blog.shywgk.net/post/wlcnuf,0
http://wgafzw-login.com/verify?user=dxaerf&token=kixvpr,1
https://shop.lmbwbf.co.uk/products,0
http://bkqaqb-alert.info/winner/claim?prize=nxyngu,1
https://www.bdakke.com/,0
http://mtnapf.free-update.xyz/account/confirm,1
https://www.iiijyu.com/,0
https://www.xqkwiz.com/,0
https://tfnoxq.org/about,0
https://www.sdobyc.com/,0
https://blog.bhyptn.net/post/gxsdmc,0
https://shop.duzwdb.co.uk/products,0
https://flhwxh.org/about,0
https://www.wpaszy.com/,0
http://secure-yickdf-login.tk/update?id=zypuhc,1
http://ttaybw-alert.info/winner/claim?prize=ptznlh,1
http://www.evvawi.com.ruizvn.ru/signin,1
http://192.168.pwythw.xnrsyv/paypal/signin,1
http://vwisla.free-update.xyz/account/confirm,1
https://blog.hpvpsh.net/post/dtwkuy,0
http://192.168.rcsusi.dfxptd/paypal/signin,1
http://duxxwi.free-update.xyz/account/confirm,1
https://inadwz.org/about,0
http://192.168.amkodp.rmsezv/paypal/signin,1
https://shop.tzhvhh.co.uk/products,0
https://www.dhacet.com/,0
http://pyjrkg-login.com/verify?user=aqdxpi&token=jmnwlz,1
http://www.rxbrri.com.nvqftx.ru/signin,1
http://secure-sgcefr-login.tk/update?id=vvrpiu,1
http://hsnonw-login.com/verify?user=nyzlpa&token=molral,1
https://ktnoym.org/about,0
https://cslrdm.org/about,0
http://jsgjdc-alert.info/winner/claim?prize=amdxnb,1
http://www.xcbmwm.com.nutyko.ru/signin,1
https://blog.ymmuyv.net/post/docqbz,0
http://bmrozs-login.com/verify?user=huehut&token=ryyugn,1
http://192.168.lloawq.eimaml/paypal/signin,1
https://www.qcshhf.edu/courses,0
https://blog.wgskvw.net/post/dvogxa,0
http://secure-qmmhox-login.tk/update?id=jlhvou,1
https://www.fkzndd.com/,0
http://www.ytqdkf.com.fhrdkc.ru/signin,1
https://www.lrpdki.com/,0
https://www.amtiib.edu/courses,0
https://www.zkmklm.com/,0
http://secure-ymglwp-login.tk/update?id=fhjsxo,1
https://www.zcilvh.com/,0
https://shop.cnbcyk.co.uk/products,0
http://rwkism-alert.info/winner/claim?prize=cseupr,1
https://blog.plvwgd.net/post/ehaqlk,0
https://rlrtkm.org/about,0
http://xshvzj.free-update.xyz/account/confirm,1
https://www.xnkkjn.com/,0
http://ibguqz.free-update.xyz/account/confirm,1
https://www.mdnpvr.com/,0
http://tbwvas.free-update.xyz/account/confirm,1
https://gkqrec.org/about,0
http://ftikzn-login.com/verify?user=pbgset&token=ertmah,1
http://www.cufefb.com.ddsrez.ru/signin,1
https://shop.dmzfxo.co.uk/products,0
http://vqglbv.free-update.xyz/account/confirm,1
https://ebjihi.org/about,0
https://wazutk.org/about,0
https://www.kazodp.com/,0
http://djjjer-alert.info/winner/claim?prize=jozfqc,1
http://mdxocd-alert.info/winner/claim?prize=faqlmr,1
https://www.zealmc.edu/courses,0
https://www.wuwvgg.com/,0
https://shop.vuiudp.co.uk/products,0
http://secure-fplqms-login.tk/update?id=zjbzqm,1
https://shop.lkwmfy.co.uk/products,0
https://shop.brwviw.co.uk/products,0
https://www.ucnfpt.com/,0
http://mtzxpx-alert.info/winner/claim?prize=oumdau,1
https://blog.mgxuzx.net/post/ceppks,0
https://tldufc.org/about,0
https://uhouhx.org/about,0
http://www.aefbum.com.nxjelg.ru/signin,1
http://fphiaf-alert.info/winner/claim?prize=erxhwx,1
https://uljicb.org/about,0
https://www.hxxjoy.com/,0
http://akgvhd-alert.info/winner/claim?prize=okyebc,1
http://192.168.xksbeg.jhikhp/paypal/signin,1
http://192.168.ecxrmb.dolaew/paypal/signin,1
http://jgeqah-login.com/verify?user=yhcxea&token=hyhwcg,1
https://www.yengah.edu/courses,0
https://ezfigv.org/about,0
http://secure-iftljg-login.tk/update?id=omfrgq,1
http://192.168.xpdtka.geybqi/paypal/signin,1
http://www.glvoih.com.fstzlv.ru/signin,1
http://nqjnbv.free-update.xyz/account/confirm,1
http://192.168.ofjmce.byiqti/paypal/signin,1
http://cvskhu-alert.info/winner/claim?prize=fsbnpn,1
https://www.qagrco.com/,0
https://shop.kkdajn.co.uk/products,0
https://www.pvujsb.com/,0
https://whdhqi.org/about,0
https://shop.yvkqde.co.uk/products,0
http://192.168.rkrktc.xfvvms/paypal/signin,1
http://192.168.fvcram.cdaswm/paypal/signin,1
https://joalsu.org/about,0
http://www.azpbao.com.kiqhyw.ru/signin,1
https://blog.boszce.net/post/bkjupt,0
https://vaowgi.org/about,0
http://192.168.xdoxut.mkaysf/paypal/signin,1
http://192.168.npeyue.hbeywf/paypal/signin,1
http://192.168.eezmgz.wfqpmj/paypal/signin,1
http://secure-zxcpsc-login.tk/update?id=oasohr,1
https://www.epoqho.edu/courses,0
http://cbzjiw-alert.info/winner/claim?prize=afgsvy,1
https://www.ympqkx.edu/courses,0
http://ejxzxa-alert.info/winner/claim?prize=fyrzgw,1
http://sczuhh-login.com/verify?user=upeakv&token=wtmhbj,1
https://www.zzbnbr.edu/courses,0
https://blog.awraxc.net/post/ogqobb,0
http://fdkfsd.free-update.xyz/account/confirm,1
https://blog.nwslke.net/post/vszagf,0
http://192.168.uiqkkw.qjrttk/paypal/signin,1
https://shop.ukxzfk.co.uk/products,0
https://ultdbb.org/about,0
https://enyzgy.org/about,0
http://runmwn-alert.info/winner/claim?prize=gskbop,1
http://secure-nrtxjd-login.tk/update?id=elodrw,1
https://shop.qczcwc.co.uk/products,0
https://blog.eufcox.net/post/ryfikk,0
http://192.168.oaxiwi.sekqsx/paypal/signin,1
https://www.vndcti.edu/courses,0
https://www.rkoole.com/,0
https://blog.gzdcih.net/post/ykathc,0
http://192.168.tzwqoo.wdlkpr/paypal/signin,1
https://tsopsa.org/about,0
http://wcwcaf.free-update.xyz/account/confirm,1
https://blog.nhzcbj.net/post/ydqybx,0
http://secure-uxxeyh-login.tk/update?id=fvfdah,1
http://sriksx-login.com/verify?user=yjpimz&token=dkyzkv,1
http://secure-ncbbqf-login.tk/update?id=afhaji,1
http://192.168.pafenx.vvqopa/paypal/signin,1
https://qwormj.org/about,0
https://blog.bvbwva.net/post/dhcbus,0
http://192.168.qpbryl.mkojer/paypal/signin,1
https://www.yrhofd.edu/courses,0
http://tywwiq-alert.info/winner/claim?prize=ebstqj,1
https://www.fpwkgt.com/,0
http://secure-wloqyv-login.tk/update?id=lznntn,1
http://secure-xuxujr-login.tk/update?id=vbaept,1
http://www.yajvbb.com.beeife.ru/signin,1
http://192.168.uuszen.xcscsz/paypal/signin,1
https://www.yioxmf.com/,0
https://shop.oytbim.co.uk/products,0
https://sjhkzd.org/about,0
https://blog.xumoja.net/post/zdltda,0
https://blog.vbvmvq.net/post/mihbdm,0
http://secure-jqrtcu-login.tk/update?id=abfpmw,1
http://kebrvf-login.com/verify?user=mfuvag&token=ipljtg,1
http://bphfkk.free-update.xyz/account/confirm,1
http://192.168.alixrr.gesmxy/paypal/signin,1
https://www.yjivoc.edu/courses,0
https://blog.dlkcfu.net/post/rqkgbx,0
http://pprvju-login.com/verify?user=evwqyj&token=vynqiu,1
http://lqrtfw.free-update.xyz/account/confirm,1
https://www.kqhouq.edu/courses,0
http://yipfab-alert.info/winner/claim?prize=aaqqvv,1
https://www.fhajpe.com/,0
https://www.svptba.edu/courses,0
https://blog.uqcuem.net/post/ggredv,0
http://secure-mfpyex-login.tk/update?id=dwecrf,1
http://192.168.muztyt.rkcbah/paypal/signin,1
http://jmfyxr-alert.info/winner/claim?prize=edlecd,1
https://www.inhugw.edu/courses,0
https://shop.cfxtin.co.uk/products,0
http://uhbkno-alert.info/winner/claim?prize=tfwpgc,1
http://www.rgvenx.com.mdgvrv.ru/signin,1
https://www.ahbpuv.edu/courses,0
https://xxqwct.org/about,0
https://www.htvbqi.com/,0
https://www.fdatkd.edu/courses,0
http://192.168.iiwvuu.bhyxjh/paypal/signin,1
https://blog.hgzbkz.net/post/uvoujm,0
http://192.168.cjwsrb.xcubqn/paypal/signin,1
http://eucdtq-login.com/verify?user=hnleyd&token=ptjkfk,1
http://www.qynzre.com.vxfgly.ru/signin,1
http://secure-vuuggf-login.tk/update?id=ptonyx,1
http://www.ypjssx.com.cbysav.ru/signin,1
https://www.bgbzqj.edu/courses,0
http://lpveps.free-update.xyz/account/confirm,1
https://gkcvab.org/about,0
http://secure-vlsgdn-login.tk/update?id=cfcgkl,1
http://nhdpxq.free-update.xyz/account/confirm,1
https://www.flckfe.com/,0
http://wiishm-alert.info/winner/claim?prize=fhcdee,1
http://nuypso-alert.info/winner/claim?prize=azeknt,1
http://192.168.ptafru.pgjqnn/paypal/signin,1
https://uztmnh.org/about,0
http://secure-euogvr-login.tk/update?id=uppxeg,1
http://ihykkk-alert.info/winner/claim?prize=abkpgm,1
http://secure-xbmcsy-login.tk/update?id=gdpqsa,1
https://www.zknzjj.com/,0
http://akwszv-login.com/verify?user=hzrkka&token=kjeght,1
http://rwsswl-login.com/verify?user=dbkcmk&token=buemoy,1
http://ifvkbu-alert.info/winner/claim?prize=zsafht,1
https://www.ibzetu.com/,0
https://lqclgs.org/about,0
http://secure-fracsp-login.tk/update?id=pzxdmw,1
http://spkvem-alert.info/winner/claim?prize=idbays,1
http://pqexyh-alert.info/winner/claim?prize=pejiii,1
https://shop.gwunbn.co.uk/products,0
http://sdnlnc-alert.info/winner/claim?prize=rziqys,1
https://www.fwpgcj.edu/courses,0
http://pmuuuc.free-update.xyz/account/confirm,1
http://nzhmwg.free-update.xyz/account/confirm,1
https://www.gtsckq.com/,0
https://blog.bpolaf.net/post/cxtvtm,0
https://blog.eaochg.net/post/tjtplj,0
https://www.rznsvq.edu/courses,0
https://shop.yqrdef.co.uk/products,0
https://blog.tscalz.net/post/qhzget,0
https://blog.rymbpp.net/post/nlfrei,0
http://ywqugt-alert.info/winner/claim?prize=yjzynd,1
https://www.sdnmzg.com/,0
http://utglpy-alert.info/winner/claim?prize=auofey,1
http://www.ihdglq.com.rpeazj.ru/signin,1
https://shop.lkpxdj.co.uk/products,0
https://www.gnilqo.com/,0
http://192.168.gqcjam.giznwl/paypal/signin,1
https://blog.cwbfmn.net/post/sagpxy,0
http://www.okjqkm.com.jylplm.ru/signin,1
http://www.bcyohi.com.kqrked.ru/signin,1
https://www.qeurmz.com/,0
http://secure-uxutgu-login.tk/update?id=feflyd,1
https://shop.awbyga.co.uk/products,0
https://shop.euwexs.co.uk/products,0
http://dqqnbz-login.com/verify?user=icdqfv&token=oqvfws,1
https://www.iapsxd.com/,0
https://www.zxxwgc.edu/courses,0
https://www.jhwcet.edu/courses,0
https://www.mcnpql.edu/courses,0
https://www.xeyesn.com/,0
http://tmyqvy.free-update.xyz/account/confirm,1
http://secure-qfdkkx-login.tk/update?id=icqber,1
http://efowna.free-update.xyz/account/confirm,1
https://shop.aucsfh.co.uk/products,0
http://qcisqf-alert.info/winner/claim?prize=rxudxx,1
https://www.oaocbr.edu/courses,0
https://blog.cqsque.net/post/jvfyyv,0
https://shop.dkplvt.co.uk/products,0
https://yzhufg.org/about,0
https://shop.ibkgia.co.uk/products,0
http://vttmfo.free-update.xyz/account/confirm,1
https://blog.caffqv.net/post/alxjij,0
http://krblsb.free-update.xyz/account/confirm,1
https://blog.pkzmqm.net/post/akkqfu,0
http://dkfnqv.free-update.xyz/account/confirm,1
http://secure-gsuvxi-login.tk/update?id=hzncfy,1
https://blog.qkeics.net/post/nwgqds,0
https://wjkglq.org/about,0
http://secure-brclvr-login.tk/update?id=nosrzz,1
http://vdhiic-alert.info/winner/claim?prize=oefuqh,1
http://192.168.vrlkll.vbfsvi/paypal/signin,1
https://shop.ajhvbc.co.uk/products,0
http://zfplhs.free-update.xyz/account/confirm,1
https://shop.sovsxd.co.uk/products,0
http://www.calgjw.com.wyyvxu.ru/signin,1
https://shop.eelvuu.co.uk/products,0
https://www.vyqiac.edu/courses,0
http://www.drbxfs.com.bdwsxe.ru/signin,1
http://plfkld-login.com/verify?user=ixrucb&token=lrlmit,1
http://esnblg-alert.info/winner/claim?prize=koewbs,1
https://zpejnd.org/about,0
http://kgcmpw.free-update.xyz/account/confirm,1
https://blog.vsuyhy.net/post/rnadpd,0
http://secure-ueaotk-login.tk/update?id=lnlwjz,1
http://192.168.xhbabb.wedgsp/paypal/signin,1
https://oykpza.org/about,0
https://www.npttcm.com/,0
http://qvwkzy-login.com/verify?user=fhzzlq&token=eqgblm,1
http://hxhmro-alert.info/winner/claim?prize=gujgga,1
https://blog.dbsvma.net/post/nnofpx,0
http://zrjrsy-login.com/verify?user=tacexo&token=komfte,1
https://www.oijkxj.edu/courses,0
http://edhyhu-alert.info/winner/claim?prize=olqhod,1
http://ouharn-login.com/verify?user=kwxrci&token=jpuikw,1
http://kfprjl-alert.info/winner/claim?prize=dtwwwf,1
http://qqbbjf-login.com/verify?user=hqbpwn&token=bibbud,1
http://192.168.fllfay.sqhtou/paypal/signin,1
https://www.snonzf.edu/courses,0
https://www.zwbuip.com/,0
http://pzafos-alert.info/winner/claim?prize=iccjsb,1
https://shop.citcxz.co.uk/products,0
https://www.axvtrc.edu/courses,0
http://ntogcv-login.com/verify?user=yfjqyw&token=kqbuwv,1
https://mqzqwy.org/about,0
https://blog.towcck.net/post/xszipr,0
https://www.yqvebz.edu/courses,0
https://iqlkup.org/about,0
https://www.cuowiw.com/,0
https://shop.jtoikl.co.uk/products,0
https://shop.rmttib.co.uk/products,0
http://eftqdr.free-update.xyz/account/confirm,1
https://dgnjvu.org/about,0
https://vnsdcq.org/about,0
http://arthet.free-update.xyz/account/confirm,1
http://eqaxbl-alert.info/winner/claim?prize=ruuabr,1
http://kowjru-login.com/verify?user=elwbaz&token=hqpdpg,1
http://jrgjgd-alert.info/winner/claim?prize=xwoxze,1
http://hcehks.free-update.xyz/account/confirm,1
http://wkxnha-alert.info/winner/claim?prize=xvmvwc,1
https://shop.kfxioe.co.uk/products,0
http://zbhuya.free-update.xyz/account/confirm,1
https://www.wwlpuh.com/,0
https://kosmkh.org/about,0
https://shop.pyenbw.co.uk/products,0
http://192.168.ygsmyn.oevtba/paypal/signin,1
http://www.nkaoko.com.hhemzv.ru/signin,1
https://blog.oqqpxr.net/post/ualxfw,0
https://nusmrl.org/about,0
http://koqtmn-login.com/verify?user=agxfys&token=kjpprg,1
http://wcjeou.free-update.xyz/account/confirm,1
http://yawaxw-alert.info/winner/claim?prize=msojbi,1
http://qhcvwe.free-update.xyz/account/confirm,1
https://cxbalt.org/about,0
http://xsfvki.free-update.xyz/account/confirm,1
https://ueihel.org/about,0
https://pktcgv.org/about,0
http://192.168.bffamv.zufmgn/paypal/signin,1
https://blog.wqfqey.net/post/lntvyd,0
https://oaepmc.org/about,0
https://rejmxw.org/about,0
http://192.168.lngdxm.lhbgwm/paypal/signin,1
https://www.csgbng.edu/courses,0
http://suviul.free-update.xyz/account/confirm,1
http://secure-dqjvve-login.tk/update?id=vaqzvy,1
http://www.mniteu.com.amqxhw.ru/signin,1
https://www.jiapwb.edu/courses,0
https://www.mihrtb.com/,0
http://fvnjsp-login.com/verify?user=xyrjwu&token=yidrpa,1
http://tstymy-login.com/verify?user=dhyhei&token=ebqhkc,1
http://secure-gpbgko-login.tk/update?id=jnpimp,1
http://www.jvjeyt.com.qqaixr.ru/signin,1
https://www.srusob.com/,0
http://biqive-alert.info/winner/claim?prize=qjhacg,1
http://zmsomi-login.com/verify?user=pxuaic&token=cdypgf,1
https://shop.oshtgn.co.uk/products,0
https://blog.ehnivd.net/post/rfbcos,0
http://aazafs.free-update.xyz/account/confirm,1
http://ldxryi-login.com/verify?user=tmzmjp&token=tccsoh,1
https://uigliw.org/about,0
https://shop.lclzhq.co.uk/products,0
https://blog.wmktmd.net/post/kwtask,0
https://shop.cekpjy.co.uk/products,0
http://uroqfw-alert.info/winner/claim?prize=uhspmh,1
http://bfsvmk-alert.info/winner/claim?prize=wrqbpe,1
http://www.xjhwrd.com.vabkhb.ru/signin,1
https://www.yhzkxi.com/,0
https://www.ihlfzj.com/,0
http://unkxdl-login.com/verify?user=mnlzht&token=pclisy,1
https://shop.nbsimm.co.uk/products,0
http://dislnl-login.com/verify?user=hntkok&token=faarec,1
https://blog.nytfzs.net/post/cuoglo,0
https://shop.zdaoxw.co.uk/products,0
https://blog.eymvko.net/post/hffztk,0
https://www.cqbtwh.edu/courses,0
http://secure-xfcbzg-login.tk/update?id=kuzoqw,1
https://www.sirykn.com/,0
http://dyylbn.free-update.xyz/account/confirm,1
https://tkudmk.org/about,0
http://secure-hfhrtm-login.tk/update?id=pvtqdu,1
http://kxpdvj.free-update.xyz/account/confirm,1
http://www.erslfl.com.qupwnh.ru/signin,1
http://secure-phqond-login.tk/update?id=stmqtn,1
https://dyqsag.org/about,0
https://blog.arlqco.net/post/ghoxnf,0
http://gfwzfv.free-update.xyz/account/confirm,1
http://www.ppopfe.com.uraaim.ru/signin,1
https://www.ndnlmf.com/,0
http://192.168.etvdbe.vxndps/paypal/signin,1
https://shop.bsgmby.co.uk/products,0
https://blog.bdqqwa.net/post/uhwqca,0
http://192.168.ejwzrc.msnsni/paypal/signin,1
http://tbsziy-login.com/verify?user=ptxwdl&token=pqzxjw,1
http://ntjtyu-alert.info/winner/claim?prize=xdblsd,1
http://urvwis-login.com/verify?user=xzgzfi&token=odexyn,1
https://shop.iknbof.co.uk/products,0
https://www.hodsdj.com/,0
https://shop.aoqrul.co.uk/products,0
https://www.huaiid.edu/courses,0
http://www.rwfshj.com.cdiltz.ru/signin,1
http://secure-daydsg-login.tk/update?id=sdsjwl,1
http://192.168.rkylxa.netuby/paypal/signin,1
http://www.xmqqgn.com.mvwqmw.ru/signin,1
https://www.vdcgva.com/,0
https://www.cokwvw.com/,0
http://192.168.hmbcea.olxjns/paypal/signin,1
https://www.tlehhr.edu/courses,0
https://tkdmck.org/about,0
https://www.msaanz.edu/courses,0
http://192.168.bnbxia.fykenm/paypal/signin,1
https://blog.anyteh.net/post/xpwdtb,0
https://slxspc.org/about,0
https://shop.erenzi.co.uk/products,0
http://vbncra-login.com/verify?user=rdteqs&token=vstxps,1
https://shop.fojwrj.co.uk/products,0
https://mfoguz.org/about,0
http://192.168.rwowad.vemaez/paypal/signin,1
http://www.jksajq.com.pksbde.ru/signin,1
http://uvvsjs-alert.info/winner/claim?prize=klktiv,1
https://imfgnd.org/about,0
https://www.eyrasw.edu/courses,0
http://www.cvyaun.com.upwtmd.ru/signin,1
https://www.cidfpr.com/,0
http://vjzyen-alert.info/winner/claim?prize=ycskzz,1
http://www.exwniz.com.vbzxer.ru/signin,1
https://www.jlspip.com/,0
https://blog.nhsyba.net/post/qedibp,0
http://toozlv.free-update.xyz/account/confirm,1
https://shop.lzkcqw.co.uk/products,0
http://mjxqrm-login.com/verify?user=yyuomv&token=lngcsb,1
http://kavdzp-login.com/verify?user=tnwpya&token=bopzjh,1
https://www.smtqje.com/,0
http://secure-eepcdl-login.tk/update?id=qeosdt,1
http://znavtf.free-update.xyz/account/confirm,1
http://bogjpm.free-update.xyz/account/confirm,1
http://bhjvjt-alert.info/winner/claim?prize=qzarbp,1
http://www.gspmns.com.kwkulk.ru/signin,1
https://www.rusadg.com/,0
http://suwzjv-alert.info/winner/claim?prize=vnzukp,1
http://xxldxm-login.com/verify?user=kryvro&token=gbjccu,1
https://shop.nbmxor.co.uk/products,0
https://blog.ekiemt.net/post/rrtzpq,0
https://www.blxkkn.com/,0
http://pccnfv.free-update.xyz/account/confirm,1
http://192.168.sqzuao.bshmng/paypal/signin,1
http://www.vijtxq.com.pamayj.ru/signin,1
http://192.168.laptxi.earigp/paypal/signin,1
http://192.168.vhxkeu.ubrtnm/paypal/signin,1
http://192.168.zudvcj.awxkqh/paypal/signin,1
http://gxwiir-alert.info/winner/claim?prize=cmcfew,1
https://www.mhrfko.com/,0
https://www.lcdslq.com/,0
http://www.muqybh.com.ssystx.ru/signin,1
http://rtkgsa.free-update.xyz/account/confirm,1
https://blog.qbsldn.net/post/jeynru,0
https://www.pgxqmz.com/,0
http://ogfata-login.com/verify?user=raimds&token=utrdwv,1
http://noqnvs-login.com/verify?user=bxvysj&token=qfzqft,1
https://cmygyb.org/about,0
https://blog.drkthb.net/post/wukcji,0
https://dsihzu.org/about,0
http://ovxmzd-login.com/verify?user=jnxyzd&token=irirtj,1
https://blog.yovsrv.net/post/piiyqk,0
https://tioefi.org/about,0
https://shop.vszybr.co.uk/products,0
http://gktskm-login.com/verify?user=wfxweo&token=mwhazr,1
https://blog.fdikiu.net/post/vubbct,0
https://blog.etnwea.net/post/zagnnb,0
https://www.iqhwcm.com/,0
http://192.168.znekje.qaiwzf/paypal/signin,1
https://www.mnsxwu.edu/courses,0
http://secure-jirsec-login.tk/update?id=qqkdfw,1
https://www.gawdhw.com/,0
https://www.codkle.edu/courses,0
http://192.168.xhfeeu.xeuogm/paypal/signin,1
https://blog.lmghwm.net/post/jbxlvl,0
http://hvcdsz-login.com/verify?user=voqqso&token=jsopaf,1
http://secure-upheya-login.tk/update?id=wrmwyq,1
http://hiopzk-login.com/verify?user=diqbxf&token=utkqlt,1
https://www.tzfyuy.edu/courses,0
https://wbxfme.org/about,0
https://hgeutn.org/about,0
http://192.168.xrnnsk.frbusg/paypal/signin,1
http://secure-qovsxu-login.tk/update?id=kbpgac,1
https://blog.hjrkqf.net/post/krygwq,0
http://192.168.jcekcx.gjxkqt/paypal/signin,1
http://192.168.kthaew.bkhqin/paypal/signin,1
https://www.ghfeuv.com/,0
http://www.ievjlv.com.ulekql.ru/signin,1
https://www.qewled.edu/courses,0
http://www.iqurcq.com.fkuxxk.ru/signin,1
https://www.xuoyqw.edu/courses,0
https://shop.wlpfdf.co.uk/products,0
http://uusdwi-login.com/verify?user=zwmiqc&token=zechee,1
http://www.pkgqdr.com.wkkywh.ru/signin,1
http://ajqema.free-update.xyz/account/confirm,1
http://axogas-login.com/verify?user=slszto&token=tczoew,1
http://rdozoq-alert.info/winner/claim?prize=dcdwyb,1
http://www.qarzeb.com.ynophq.ru/signin,1
http://www.gdfpqq.com.ddixfi.ru/signin,1
http://gchexr-alert.info/winner/claim?prize=rqkcnd,1
http://secure-cdjmqd-login.tk/update?id=gpgyrx,1
http://xnedpt.free-update.xyz/account/confirm,1
http://tlovci-login.com/verify?user=boxrpa&token=zargel,1
http://secure-ornhpp-login.tk/update?id=etrlyk,1
https://www.hobsxa.com/,0
https://www.mbgytx.edu/courses,0
http://secure-wazuwp-login.tk/update?id=ypavlr,1
http://pnybxm.free-update.xyz/account/confirm,1
https://www.dwfopg.com/,0
https://www.pxmpdj.com/,0
https://wvtcwh.org/about,0
https://www.ksuxhh.edu/courses,0
https://znqhpx.org/about,0
https://blog.zutmxv.net/post/qedtwn,0
http://secure-tuaxfn-login.tk/update?id=qhdayh,1
https://www.hxcqvl.edu/courses,0
http://192.168.aukytq.nqdrtf/paypal/signin,1
http://www.ydxmrs.com.eqlpdv.ru/signin,1
https://www.ivdqvk.com/,0
http://gvdika-alert.info/winner/claim?prize=hoswev,1
http://zeojmo-alert.info/winner/claim?prize=wrrtpg,1
https://www.rrnqet.edu/courses,0
http://fifyxv.free-update.xyz/account/confirm,1
https://psddol.org/about,0
https://www.gppidi.edu/courses,0
http://www.pemgzi.com.dtjrac.ru/signin,1
http://iogidc.free-update.xyz/account/confirm,1
https://blog.uqatlk.net/post/gvzsce,0
http://secure-keryte-login.tk/update?id=hbyxtk,1
http://lliwod.free-update.xyz/account/confirm,1
http://mmhbvo-alert.info/winner/claim?prize=wrfttc,1
http://abulrc-login.com/verify?user=mtbzvf&token=rorogd,1
https://shop.txifif.co.uk/products,0
https://www.tahpbj.com/,0
https://blog.zzlwau.net/post/nwmuqd,0
https://shop.xrpwhv.co.uk/products,0
https://www.ontvnx.edu/courses,0
http://lkclyo.free-update.xyz/account/confirm,1
https://shop.nsxnkh.co.uk/products,0
https://www.tavqwr.edu/courses,0
https://shop.qmnavq.co.uk/products,0
http://secure-fovgyv-login.tk/update?id=yqirad,1
https://www.drknpk.com/,0
https://www.kzezla.com/,0
https://www.ukzdmi.com/,0
https://www.krvyyy.com/,0
http://lofzqy-alert.info/winner/claim?prize=eoytvo,1
https://blog.mjvgng.net/post/inkzwt,0
http://gqrhpz.free-update.xyz/account/confirm,1
https://www.udotcj.edu/courses,0
https://shop.xyfktt.co.uk/products,0
http://www.kqwccu.com.soxatm.ru/signin,1
https://www.uadkus.com/,0
https://www.mjsxuu.com/,0
https://www.vxljbq.com/,0
https://blog.ohlqkh.net/post/csmjgd,0
https://www.mrceep.com/,0
http://www.gsbmie.com.sslqha.ru/signin,1
http://secure-xkyykt-login.tk/update?id=efpodq,1
http://kxudae-alert.info/winner/claim?prize=dfoprw,1
https://wpronu.org/about,0
http://secure-xomjub-login.tk/update?id=adlexn,1
http://siyscm.free-update.xyz/account/confirm,1
https://zhmhqj.org/about,0
https://www.qnzbpa.com/,0
https://ksgfhq.org/about,0
http://www.pdpjzj.com.slvbgh.ru/signin,1
https://blog.otkvki.net/post/nluxjp,0
http://lfhfyr-alert.info/winner/claim?prize=qxxpns,1
https://shop.nmiect.co.uk/products,0
http://192.168.hfjygj.scrrym/paypal/signin,1
https://rqfyjb.org/about,0
https://www.dfxtrx.com/,0
http://pnrzck.free-update.xyz/account/confirm,1
https://www.ulzsiz.com/,0
https://www.gmuokc.com/,0
http://uopxen-login.com/verify?user=mojwlo&token=vcwrmx,1
http://ejwdee-login.com/verify?user=jtepbx&token=rtcfys,1
http://kurvez-login.com/verify?user=jdnmuy&token=cmsssm,1
https://shop.idrhcp.co.uk/products,0
https://blog.kvlmyx.net/post/jwjpfo,0
http://192.168.emdxeh.eraomh/paypal/signin,1
http://cxwqzu-login.com/verify?user=awwwra&token=aswkfi,1
http://btlqoo.free-update.xyz/account/confirm,1
http://eazkgz-login.com/verify?user=lniemq&token=wzzopx,1
http://oepvch-login.com/verify?user=wxyfjy&token=kepjuf,1
http://citnwl.free-update.xyz/account/confirm,1
https://grzpfo.org/about,0
https://blog.ftikgd.net/post/rroosz,0
https://blog.wxnrsr.net/post/lchmhn,0
https://www.blajnr.edu/courses,0
http://ktbiqj-alert.info/winner/claim?prize=lykink,1
http://ttzicf-alert.info/winner/claim?prize=ldzxip,1
http://vvhfwl-login.com/verify?user=sfxoch&token=ozzntj,1
https://blog.ndxnwh.net/post/ninqzt,0
https://www.tnouzq.edu/courses,0
http://aopwrk.free-update.xyz/account/confirm,1
https://www.onqowv.com/,0
https://blog.vdmpqq.net/post/pkkidx,0
https://shop.aqlrrc.co.uk/products,0
https://blog.itjpkt.net/post/opfymy,0
https://www.ninlpj.com/,0
https://suwlio.org/about,0
http://sjelsp-alert.info/winner/claim?prize=zwfmiz,1
https://www.iukifj.com/,0
http://www.pyjyjl.com.cstabk.ru/signin,1
http://cysezd-login.com/verify?user=behjij&token=xnumlz,1
https://www.rukhya.com/,0
https://www.gqiqde.com/,0
http://jpzwll.free-update.xyz/account/confirm,1
https://blog.spcwvj.net/post/dkjxfp,0
https://www.fwywfb.com/,0
https://blog.wszyfk.net/post/aiuhoa,0
https://www.nqhqme.com/,0
http://192.168.xukldp.qwyyxv/paypal/signin,1
http://192.168.ztodoh.honqxo/paypal/signin,1
http://nayuax-login.com/verify?user=jhynzk&token=aqnler,1
http://192.168.ystzjw.tojdvn/paypal/signin,1
https://shop.npqyjz.co.uk/products,0
https://wszduh.org/about,0
http://192.168.akfvnt.dpeodg/paypal/signin,1
http://cygpxx.free-update.xyz/account/confirm,1
https://mlpwir.org/about,0
https://shop.lctplk.co.uk/products,0
http://qyzwsh-login.com/verify?user=fbormk&token=sjmljs,1
http://flepbk-alert.info/winner/claim?prize=nuddkb,1
https://eeambw.org/about,0
https://www.qbjipd.edu/courses,0
https://shop.dlduck.co.uk/products,0
https://blog.hhwuem.net/post/cqhmsn,0
https://www.djweok.edu/courses,0
http://jxahgu-login.com/verify?user=pmgbzc&token=volcjf,1
https://www.bfffbk.edu/courses,0
https://qrisqp.org/about,0
http://www.iioljn.com.ioozlh.ru/signin,1
http://pkuwmu.free-update.xyz/account/confirm,1
http://tfmbik.free-update.xyz/account/confirm,1
https://blog.lherqj.net/post/vygxdx,0
https://shop.kyfead.co.uk/products,0
http://secure-nxqfpv-login.tk/update?id=nhjnjh,1
https://shop.kkpsyi.co.uk/products,0
https://www.sqkurn.com/,0
https://kfgmem.org/about,0
https://blog.vderco.net/post/ydstbg,0
http://secure-axontf-login.tk/update?id=wnprmk,1
http://vhjyzs.free-update.xyz/account/confirm,1
https://www.ewiibv.edu/courses,0
http://nluueq-alert.info/winner/claim?prize=cmjyvg,1
https://shop.unfzkb.co.uk/products,0
http://cdedyk.free-update.xyz/account/confirm,1
https://eepoab.org/about,0
http://qucxup-alert.info/winner/claim?prize=mlbsti,1
http://ltkdgh-login.com/verify?user=tzlmzy&token=pckgpr,1
http://www.kikgjn.com.twfpat.ru/signin,1
https://www.wvwyhk.com/,0
http://hdiwud.free-update.xyz/account/confirm,1
http://jiqihc-alert.info/winner/claim?prize=cfpwjf,1
https://blog.tsyexk.net/post/mxwutr,0
https://thqtci.org/about,0
http://ztxzsc-alert.info/winner/claim?prize=rgmtwp,1
https://www.yxzbik.edu/courses,0
https://www.vwzhth.edu/courses,0
https://blog.wpggsf.net/post/noqlix,0
https://blog.vgtazu.net/post/tbgoow,0
https://blog.bpqbdu.net/post/wpzsqw,0
https://aotiho.org/about,0
http://hpzgog-alert.info/winner/claim?prize=opfzji,1
https://jxxrmf.org/about,0
https://ttwygx.org/about,0
https://www.dkekzg.com/,0
http://192.168.tntzpa.ntomfh/paypal/signin,1
http://www.kqwltr.com.bsypmq.ru/signin,1
https://www.kivrwa.edu/courses,0
http://fclxox-login.com/verify?user=yttkez&token=lxanyi,1
http://rmdxrg-alert.info/winner/claim?prize=fnvyvq,1
https://blog.wwybgz.net/post/sywyey,0
http://192.168.mumreu.ybvpty/paypal/signin,1
http://www.yvlqvs.com.llmgum.ru/signin,1
https://www.pbbdet.com/,0
https://www.ctrkpa.com/,0
https://www.urbsjw.edu/courses,0
http://cvabeu.free-update.xyz/account/confirm,1
http://lwzoiz-login.com/verify?user=tcgzlj&token=vthyle,1
http://ufrqla.free-update.xyz/account/confirm,1
https://www.ywnwqi.com/,0
http://www.hojadl.com.dbuoju.ru/signin,1
http://secure-plwjph-login.tk/update?id=kzqrwf,1
http://tlhxoc-login.com/verify?user=pvnpoe&token=kqordm,1
http://sdfmdb.free-update.xyz/account/confirm,1
https://shop.atcdrr.co.uk/products,0
http://secure-hbmesc-login.tk/update?id=swpxyf,1
https://swdktr.org/about,0
http://192.168.dximkt.ijmrcu/paypal/signin,1
http://ekezlr-alert.info/winner/claim?prize=gygvre,1
http://192.168.htqkwb.vrnppg/paypal/signin,1
http://www.wggrtq.com.qwtxst.ru/signin,1
http://secure-pvuzji-login.tk/update?id=ygijdm,1
https://wgkfyp.org/about,0
http://vkrdnu-alert.info/winner/claim?prize=xpwioy,1
http://dlexya-alert.info/winner/claim?prize=nrfpdw,1
https://blog.snmgtj.net/post/lcalys,0
https://nhjphf.org/about,0
https://shop.zvamds.co.uk/products,0
http://secure-jjlpoh-login.tk/update?id=ultggy,1
http://ceiacm-login.com/verify?user=pgjthv&token=cetjro,1
http://rkqvod.free-update.xyz/account/confirm,1
https://blog.aqfzfj.net/post/asqcka,0
http://rvjedg-login.com/verify?user=hnimdd&token=igsfwm,1
http://vxmlvw-alert.info/winner/claim?prize=kylswl,1
https://www.npjsyq.edu/courses,0
http://wtgeww.free-update.xyz/account/confirm,1
http://192.168.lplvor.sbqihx/paypal/signin,1
https://shop.kzevyr.co.uk/products,0
https://www.jxdpei.edu/courses,0
http://192.168.elahmv.wygsxn/paypal/signin,1
http://byhufd-alert.info/winner/claim?prize=gpzzio,1
https://shop.igeyii.co.uk/products,0
https://blog.bgecng.net/post/cvtyic,0
https://www.vgtovk.edu/courses,0
https://lkxsrg.org/about,0
https://kmnwpj.org/about,0
http://www.eykqhv.com.fmvgrf.ru/signin,1
http://wmastu-alert.info/winner/claim?prize=opjsrq,1
https://shop.vqgyte.co.uk/products,0
http://www.rvrmns.com.wmjblr.ru/signin,1
http://wkppto-alert.info/winner/claim?prize=kaanal,1
https://egheze.org/about,0
http://hftxtc.free-update.xyz/account/confirm,1
https://xmavtv.org/about,0
https://blog.xzynek.net/post/bcsnuj,0
http://192.168.gpjmpj.csjieh/paypal/signin,1
https://shop.vwqyfz.co.uk/products,0
https://www.sbnnug.edu/courses,0
http://npcxlf.free-update.xyz/account/confirm,1
http://bptndq-alert.info/winner/claim?prize=uvezya,1
https://genzuk.org/about,0
http://btamug-alert.info/winner/claim?prize=udherk,1
http://tkbejd-login.com/verify?user=utysyh&token=odpofj,1
